ID,Date,Sport,League,Event,Type,Description,Pick,Opponent,Odds,Risk,To Win,Status,Result Date,Notes
1,2026-04-12,Golf,PGA Tour,2026 Majors,future,Win a Major in 2026,Ludvig Aberg,,550,500,2750,pending,,"Covers PGA Championship, US Open, The Open"
2,2026-04-09,Golf,PGA Tour,2026 Masters,outright,Win Tournament,Jordan Spieth,,+4200,100,4200,lost,2026-04-12,
3,2026-04-09,Golf,PGA Tour,2026 Masters,top10,Top 10,Tommy Fleetwood,,+150,150,225,lost,2026-04-12,
4,2026-04-09,Golf,PGA Tour,2026 Masters,top10,Top 10,Corey Conners,,+500,100,500,lost,2026-04-12,
5,2026-04-09,Golf,PGA Tour,2026 Masters,top10,Top 10,Jordan Spieth,,+375,100,375,lost,2026-04-12,
6,2026-04-09,Golf,PGA Tour,2026 Masters,top10,Top 10,Justin Rose,,+325,100,325,won,2026-04-12,T3 finish
7,2026-04-09,Golf,PGA Tour,2026 Masters,top10,Top 10,Cameron Young,,+225,125,281,won,2026-04-12,T3 finish
8,2026-04-09,Golf,PGA Tour,2026 Masters,top10,Top 10,Patrick Reed,,+325,100,325,lost,2026-04-12,
9,2026-04-09,Golf,PGA Tour,2026 Masters,top20,Top 20,Tommy Fleetwood,,-130,325,250,lost,2026-04-12,
10,2026-04-09,Golf,PGA Tour,2026 Masters,top20,Top 20,Corey Conners,,+160,250,400,lost,2026-04-12,
11,2026-04-09,Golf,PGA Tour,2026 Masters,top20,Top 20,Jordan Spieth,,+125,250,312,won,2026-04-12,T12 finish
12,2026-04-09,Golf,PGA Tour,2026 Masters,top20,Top 20,Justin Rose,,-115,287,250,won,2026-04-12,T3 finish
13,2026-04-09,Golf,PGA Tour,2026 Masters,top20,Top 20,Cameron Young,,-140,350,250,won,2026-04-12,T3 finish
14,2026-04-09,Golf,PGA Tour,2026 Masters,top20,Top 20,Patrick Reed,,+110,250,275,won,2026-04-12,T14 finish
15,2026-04-09,Golf,PGA Tour,2026 Masters,r1under,R1 U 72.5,Cameron Smith,,-110,275,250,lost,2026-04-09,Shot 74
16,2026-04-09,Golf,PGA Tour,2026 Masters,r1under,R1 U 72.5,Sungjae Im,,-115,287,250,lost,2026-04-09,Shot 76
17,2026-04-09,Golf,PGA Tour,2026 Masters,r1under,R1 U 72.5,Patrick Cantlay,,-145,362,250,lost,2026-04-09,Shot 77
18,2026-04-09,Golf,PGA Tour,2026 Masters,r1under,R1 U 72.5,Adam Scott,,-145,362,250,won,2026-04-09,Shot 72
19,2026-04-09,Golf,PGA Tour,2026 Masters,r1under,R1 U 71.5,Patrick Reed,,+110,250,275,won,2026-04-09,Shot 69
20,2026-04-09,Golf,PGA Tour,2026 Masters,matchup,Tournament H2H: JT > Morikawa,Justin Thomas,Collin Morikawa,+115,250,287,lost,2026-04-12,
21,2026-04-10,Golf,PGA Tour,2026 Masters,r2matchup,R2 H2H: Koepka > Spieth,Brooks Koepka,Jordan Spieth,+115,250,287,won,2026-04-10,
22,2026-04-10,Golf,PGA Tour,2026 Masters,r2matchup,R2 H2H: Rose > M.W. Lee,Justin Rose,Min Woo Lee,-130,325,250,won,2026-04-10,
23,2026-04-10,Golf,PGA Tour,2026 Masters,r2matchup,R2 H2H: DeChambeau > McIlroy,Bryson DeChambeau,Rory McIlroy,+120,250,300,lost,2026-04-10,
24,2026-04-10,Golf,PGA Tour,2026 Masters,r2matchup,R2 H2H: Aberg > MacIntyre,Ludvig Aberg,Robert MacIntyre,-135,337,250,won,2026-04-10,
25,2026-04-10,Golf,PGA Tour,2026 Masters,r2matchup,R2 H2H: Rai > Hall,Aaron Rai,Harry Hall,+110,250,275,lost,2026-04-10,
26,2026-04-10,Golf,PGA Tour,2026 Masters,r2matchup,R2 H2H: Rai > Hall (2),Aaron Rai,Harry Hall,+110,250,275,lost,2026-04-10,
27,2026-04-10,Golf,PGA Tour,2026 Masters,r2matchup,R2 H2H: Rose > M.W. Lee (2),Justin Rose,Min Woo Lee,-130,162,125,won,2026-04-10,
28,2026-04-10,Golf,PGA Tour,2026 Masters,r2matchup,R2 H2H: Scheffler > Rahm,Scottie Scheffler,Jon Rahm,-160,400,250,lost,2026-04-10,
29,2026-04-10,Golf,PGA Tour,2026 Masters,r2matchup,R2 H2H: Scott > N. Hojgaard,Adam Scott,Nicolai Hojgaard,-130,325,250,push,2026-04-10,
30,2026-04-10,Golf,PGA Tour,2026 Masters,r2matchup,R2 H2H: Li > Ortiz,Haotong Li,Carlos Ortiz,-155,387,250,won,2026-04-10,
31,2026-04-10,Golf,PGA Tour,2026 Masters,r2matchup,R2 H2H: Stevens > M. Kim,Sam Stevens,Michael Kim,-135,337,250,won,2026-04-10,
32,2026-04-10,Golf,PGA Tour,2026 Masters,r2matchup,R2 H2H: Homa > Potgieter,Max Homa,Aldrich Potgieter,-180,450,250,won,2026-04-10,
33,2026-04-10,Golf,PGA Tour,2026 Masters,r2matchup,R2 H2H: Burns > Knapp,Sam Burns,Jake Knapp,-120,300,250,lost,2026-04-10,
34,2026-04-10,Golf,PGA Tour,2026 Masters,r2matchup,R2 H2H: Kitayama > R. Hojgaard,Kurt Kitayama,Rasmus Hojgaard,-145,362,250,lost,2026-04-10,
35,2026-04-10,Golf,PGA Tour,2026 Masters,r2threeball,R2 3-Ball,Tyrrell Hatton,McNealy/Spaun,+175,250,437,won,2026-04-10,
36,2026-04-10,Golf,PGA Tour,2026 Masters,r2threeball,R2 3-Ball,Sam Burns,Smith/Knapp,+150,250,375,lost,2026-04-10,
37,2026-04-10,Golf,PGA Tour,2026 Masters,r2threeball,R2 3-Ball,Rory McIlroy,Young/Howell,-125,312,250,won,2026-04-10,
38,2026-04-10,Golf,PGA Tour,2026 Masters,r2threeball,R2 3-Ball,Kurt Kitayama,Reitan/Jarvis,+125,250,312,lost,2026-04-10,
39,2026-04-10,Golf,PGA Tour,2026 Masters,r2threeball,R2 3-Ball,Scottie Scheffler,MacIntyre/Woodland,-160,400,250,lost,2026-04-10,
40,2026-04-10,Golf,PGA Tour,2026 Masters,r2threeball,R2 3-Ball,Justin Thomas,Straka/Griffin,+150,250,375,lost,2026-04-10,
41,2026-04-10,Golf,PGA Tour,2026 Masters,r2threeball,R2 3-Ball,Corey Conners,Hall/Brennan,+115,250,287,lost,2026-04-10,
42,2026-04-10,Golf,PGA Tour,2026 Masters,r2under,R2 U 72.5,Robert MacIntyre,,-130,325,250,won,2026-04-10,Shot 71
43,2026-04-10,Golf,PGA Tour,2026 Masters,r2under,R2 U 72.5,Patrick Reed,,-130,325,250,won,2026-04-10,Shot 69
44,2026-04-10,Golf,PGA Tour,2026 Masters,r2under,R2 U 72.5,Jason Day,,-115,287,250,won,2026-04-10,Shot 71
45,2026-04-10,Golf,PGA Tour,2026 Masters,r2under,R2 U 71.5,Tommy Fleetwood,,+100,250,250,won,2026-04-10,Shot 68
46,2026-04-10,Golf,PGA Tour,2026 Masters,r2under,R2 U 72.5,Sam Burns,,-110,275,250,won,2026-04-10,Shot 71
47,2026-04-11,Golf,PGA Tour,2026 Masters,r3matchup,R3 H2H: Rai > Bradley,Aaron Rai,Keegan Bradley,+120,250,300,lost,2026-04-11,
48,2026-04-11,Golf,PGA Tour,2026 Masters,r3matchup,R3 H2H: Hovland > JT,Viktor Hovland,Justin Thomas,-125,312,250,push,2026-04-11,
49,2026-04-11,Golf,PGA Tour,2026 Masters,r3matchup,R3 H2H: Hatton > Day,Tyrrell Hatton,Jason Day,+100,250,250,lost,2026-04-11,
50,2026-04-11,Golf,PGA Tour,2026 Masters,r3matchup,R3 H2H: Young > Schauffele,Cameron Young,Xander Schauffele,+115,250,287,won,2026-04-11,
51,2026-04-11,Golf,PGA Tour,2026 Masters,r3matchup,R3 H2H: Homa > Gerard,Max Homa,Ryan Gerard,+105,250,262,lost,2026-04-11,
52,2026-04-11,Golf,PGA Tour,2026 Masters,r3matchup,R3 H2H: Aberg > Scheffler,Ludvig Aberg,Scottie Scheffler,+155,200,310,lost,2026-04-11,
53,2026-04-11,Golf,PGA Tour,2026 Masters,r3matchup,R3 H2H: Im > English,Sungjae Im,Harris English,+105,250,262,won,2026-04-11,
54,2026-04-11,Golf,PGA Tour,2026 Masters,r3over,R3 O 71.5,Patrick Reed,,+145,200,290,won,2026-04-11,Shot 72
55,2026-04-11,Golf,PGA Tour,2026 Masters,r3over,R3 O 70.5,Rory McIlroy,,+110,250,275,won,2026-04-11,Shot 73
56,2026-04-11,Golf,PGA Tour,2026 Masters,r3over,R3 O 70.5,Scottie Scheffler,,+135,200,270,lost,2026-04-11,Shot 65
57,2026-04-11,Golf,PGA Tour,2026 Masters,r3over,R3 O 71.5,Tyrrell Hatton,,-115,287,250,won,2026-04-11,Shot 72
58,2026-04-11,Golf,PGA Tour,2026 Masters,r3over,R3 O 70.5,Tommy Fleetwood,,-125,312,250,won,2026-04-11,Shot 73
59,2026-04-11,Golf,PGA Tour,2026 Masters,r3over,R3 O 72.5,Kristoffer Reitan,,-120,300,250,won,2026-04-11,Shot 73
60,2026-04-11,Golf,PGA Tour,2026 Masters,r3over,R3 O 72.5,Brian Harman,,-125,312,250,lost,2026-04-11,Shot 67
61,2026-04-11,Golf,PGA Tour,2026 Masters,r3over,R3 O 71.5,Sam Burns,,-125,312,250,lost,2026-04-11,Shot 68
62,2026-04-11,Golf,PGA Tour,2026 Masters,outright,Win Tournament,Rory McIlroy,,-250,5000,2000,won,2026-04-12,
63,2026-04-11,Golf,PGA Tour,2026 Masters,outright,Win Tournament,Rory McIlroy,,-136,680,500,won,2026-04-12,
64,2026-04-11,Golf,PGA Tour,2026 Masters,prop,R3 Leader (Dead Heat),Rory McIlroy,,-250,1250,250,won,2026-04-11,Dead heat rules applied
65,2026-04-12,Golf,PGA Tour,2026 Masters,r4over,R4 O 70.5,Sam Burns,,-115,287,250,won,2026-04-12,Shot 73
66,2026-04-12,Golf,PGA Tour,2026 Masters,r4over,R4 O 70.5,Chris Gotterup,,-135,337,250,won,2026-04-12,Shot 73
67,2026-04-12,Golf,PGA Tour,2026 Masters,r4over,R4 O 70.5,Patrick Cantlay,,-120,300,250,won,2026-04-12,Shot 73
68,2026-04-12,Golf,PGA Tour,2026 Masters,r4under,R4 U 70.5,Sungjae Im,,+100,250,250,lost,2026-04-12,Shot 77
69,2026-04-12,Golf,PGA Tour,2026 Masters,r4matchup,R4 H2H: Li > Griffin,Haotong Li,Ben Griffin,+140,200,280,lost,2026-04-12,
70,2026-04-12,Golf,PGA Tour,2026 Masters,r4matchup,R4 H2H: Homa > Reitan,Max Homa,Kristoffer Reitan,-115,287,250,won,2026-04-12,
71,2026-04-12,Golf,PGA Tour,2026 Masters,r4matchup,R4 H2H: Henley > Knapp,Russell Henley,Jake Knapp,-115,287,250,won,2026-04-12,
72,2026-04-12,Golf,PGA Tour,2026 Masters,r4matchup,R4 H2H: Reed > Morikawa,Patrick Reed,Collin Morikawa,-120,300,250,lost,2026-04-12,
73,2026-04-12,Golf,PGA Tour,2026 Masters,r4matchup,R4 H2H: Day > Cantlay,Jason Day,Patrick Cantlay,+105,250,262,lost,2026-04-12,
74,2026-04-12,Golf,PGA Tour,2026 Masters,r4best,R4 Best Score in Field,Brooks Koepka,,+3000,50,1500,lost,2026-04-12,"Shot 71, best was 66"
75,2026-04-10,Golf,PGA Tour,2026 Masters,parlay,RR 2-way: Rai > Hall + Reed > Matsuyama,"Rai, Reed",,+341,25,85.25,lost,2026-04-10,Round Robin 2-way parlay
76,2026-04-10,Golf,PGA Tour,2026 Masters,parlay,RR 2-way: Rai > Hall + Cantlay > Hovland,"Rai, Cantlay",,+341,25,85.25,lost,2026-04-10,Round Robin 2-way parlay
77,2026-04-10,Golf,PGA Tour,2026 Masters,parlay,RR 2-way: Rai > Hall + Day > Lowry,"Rai, Day",,+320,25,80.0,lost,2026-04-10,Round Robin 2-way parlay
78,2026-04-10,Golf,PGA Tour,2026 Masters,parlay,RR 2-way: Rai > Hall + Conners > Bridgeman,"Rai, Conners",,+373,25,93.13,lost,2026-04-10,Round Robin 2-way parlay
79,2026-04-10,Golf,PGA Tour,2026 Masters,parlay,RR 2-way: Reed > Matsuyama + Cantlay > Hovland,"Reed, Cantlay",,+341,25,85.25,won,2026-04-10,Round Robin 2-way parlay
80,2026-04-10,Golf,PGA Tour,2026 Masters,parlay,RR 2-way: Reed > Matsuyama + Day > Lowry,"Reed, Day",,+320,25,80.0,lost,2026-04-10,Round Robin 2-way parlay
81,2026-04-10,Golf,PGA Tour,2026 Masters,parlay,RR 2-way: Reed > Matsuyama + Conners > Bridgeman,"Reed, Conners",,+373,25,93.13,won,2026-04-10,Round Robin 2-way parlay
82,2026-04-10,Golf,PGA Tour,2026 Masters,parlay,RR 2-way: Cantlay > Hovland + Day > Lowry,"Cantlay, Day",,+320,25,80.0,lost,2026-04-10,Round Robin 2-way parlay
83,2026-04-10,Golf,PGA Tour,2026 Masters,parlay,RR 2-way: Cantlay > Hovland + Conners > Bridgeman,"Cantlay, Conners",,+373,25,93.13,won,2026-04-10,Round Robin 2-way parlay
84,2026-04-10,Golf,PGA Tour,2026 Masters,parlay,RR 2-way: Day > Lowry + Conners > Bridgeman,"Day, Conners",,+350,25,87.5,lost,2026-04-10,Round Robin 2-way parlay
85,2026-04-10,Golf,PGA Tour,2026 Masters,parlay,RR 3-way: Rai > Hall + Reed > Matsuyama + Cantlay > Hovland,"Rai, Reed, Cantlay",,+826,25,206.53,lost,2026-04-10,Round Robin 3-way parlay
86,2026-04-10,Golf,PGA Tour,2026 Masters,parlay,RR 3-way: Rai > Hall + Reed > Matsuyama + Day > Lowry,"Rai, Reed, Day",,+782,25,195.5,lost,2026-04-10,Round Robin 3-way parlay
87,2026-04-10,Golf,PGA Tour,2026 Masters,parlay,RR 3-way: Rai > Hall + Reed > Matsuyama + Conners > Bridgeman,"Rai, Reed, Conners",,+892,25,223.06,lost,2026-04-10,Round Robin 3-way parlay
88,2026-04-10,Golf,PGA Tour,2026 Masters,parlay,RR 3-way: Rai > Hall + Cantlay > Hovland + Day > Lowry,"Rai, Cantlay, Day",,+782,25,195.5,lost,2026-04-10,Round Robin 3-way parlay
89,2026-04-10,Golf,PGA Tour,2026 Masters,parlay,RR 3-way: Rai > Hall + Cantlay > Hovland + Conners > Bridgeman,"Rai, Cantlay, Conners",,+892,25,223.06,lost,2026-04-10,Round Robin 3-way parlay
90,2026-04-10,Golf,PGA Tour,2026 Masters,parlay,RR 3-way: Rai > Hall + Day > Lowry + Conners > Bridgeman,"Rai, Day, Conners",,+845,25,211.25,lost,2026-04-10,Round Robin 3-way parlay
91,2026-04-10,Golf,PGA Tour,2026 Masters,parlay,RR 3-way: Reed > Matsuyama + Cantlay > Hovland + Day > Lowry,"Reed, Cantlay, Day",,+782,25,195.5,lost,2026-04-10,Round Robin 3-way parlay
92,2026-04-10,Golf,PGA Tour,2026 Masters,parlay,RR 3-way: Reed > Matsuyama + Cantlay > Hovland + Conners > Bridgeman,"Reed, Cantlay, Conners",,+892,25,223.06,won,2026-04-10,Round Robin 3-way parlay
93,2026-04-10,Golf,PGA Tour,2026 Masters,parlay,RR 3-way: Reed > Matsuyama + Day > Lowry + Conners > Bridgeman,"Reed, Day, Conners",,+845,25,211.25,lost,2026-04-10,Round Robin 3-way parlay
94,2026-04-10,Golf,PGA Tour,2026 Masters,parlay,RR 3-way: Cantlay > Hovland + Day > Lowry + Conners > Bridgeman,"Cantlay, Day, Conners",,+845,25,211.25,lost,2026-04-10,Round Robin 3-way parlay
95,2026-04-10,Golf,PGA Tour,2026 Masters,parlay,RR 4-way: Rai > Hall + Reed > Matsuyama + Cantlay > Hovland + Day > Lowry,"Rai, Reed, Cantlay, Day",,+1752,25,438.05,lost,2026-04-10,Round Robin 4-way parlay
96,2026-04-10,Golf,PGA Tour,2026 Masters,parlay,RR 4-way: Rai > Hall + Reed > Matsuyama + Cantlay > Hovland + Conners > Bridgeman,"Rai, Reed, Cantlay, Conners",,+1984,25,495.93,lost,2026-04-10,Round Robin 4-way parlay
97,2026-04-10,Golf,PGA Tour,2026 Masters,parlay,RR 4-way: Rai > Hall + Reed > Matsuyama + Day > Lowry + Conners > Bridgeman,"Rai, Reed, Day, Conners",,+1884,25,471.12,lost,2026-04-10,Round Robin 4-way parlay
98,2026-04-10,Golf,PGA Tour,2026 Masters,parlay,RR 4-way: Rai > Hall + Cantlay > Hovland + Day > Lowry + Conners > Bridgeman,"Rai, Cantlay, Day, Conners",,+1884,25,471.12,lost,2026-04-10,Round Robin 4-way parlay
99,2026-04-10,Golf,PGA Tour,2026 Masters,parlay,RR 4-way: Reed > Matsuyama + Cantlay > Hovland + Day > Lowry + Conners > Bridgeman,"Reed, Cantlay, Day, Conners",,+1884,25,471.12,lost,2026-04-10,Round Robin 4-way parlay
100,2026-04-10,Golf,PGA Tour,2026 Masters,parlay,RR 5-way: Rai > Hall + Reed > Matsuyama + Cantlay > Hovland + Day > Lowry + Conners > Bridgeman,"Rai, Reed, Cantlay, Day, Conners",,+4067,25,1016.86,lost,2026-04-10,Round Robin 5-way parlay
101,2022-12-29,Football,NCAAF,SYR @ MINN,spread,(Live) SYR +17.5 -114,SYR,MINN,-114,57,50,won,2022-12-29,Live bet
102,2022-12-29,Football,NCAAF,TEX @ WASH,total,WASH o27.5 -107,WASH,TEX,-107,268,250.47,lost,2022-12-29,
103,2022-12-30,Football,NCAAF,ND @ SC,spread,SC +3.5 -110,SC,ND,-110,275,250,lost,2022-12-30,
104,2022-12-30,Football,NCAAF,ND @ SC,total,ND @ SC: o50 -110,ND,SC,-110,275,250,won,2022-12-30,
105,2022-12-30,Football,NCAAF,OHIO @ WYO,total,(Live) OHIO @ WYO: u53.5 -120,OHIO,WYO,-120,300,250,lost,2022-12-30,Live bet
106,2022-12-30,Football,NCAAF,OHIO @ WYO,total,OHIO @ WYO: u42 -110,OHIO,WYO,-110,275,250,lost,2022-12-30,
107,2022-12-30,Football,NCAAF,TENN @ CLEM,spread,(Live) CLEM +3.5 -121,CLEM,TENN,-121,363,300,lost,2022-12-30,Live bet
108,2022-12-30,Football,NCAAF,TENN @ CLEM,spread,CLEM -5 -110,CLEM,TENN,-110,275,250,lost,2022-12-30,
109,2022-12-30,Basketball,NCAAB,USC @ WASH,spread,(1H) USC -1 -110,USC,WASH,-110,250,227.27,won,2022-12-30,1st half
110,2022-12-30,Basketball,NCAAB,USC @ WASH,spread,USC -2 -110,USC,WASH,-110,250,227.27,won,2022-12-30,
111,2022-12-30,Basketball,NCAAB,USC @ WASH,spread,USC -2.5 -110,USC,WASH,-110,275,250,won,2022-12-30,
112,2022-12-30,Basketball,NCAAB,USC @ WASH,spread,(1H) USC -1.5 -115,USC,WASH,-115,288,250.44,won,2022-12-30,1st half
113,2022-12-31,Football,NCAAF,BAMA @ KSU,spread,KSU +7 -110,KSU,BAMA,-110,275,250,lost,2022-12-31,
114,2022-12-31,Football,NCAAF,IOWA @ UK,spread,IOWA -2 -110,IOWA,UK,-110,275,250,won,2022-12-31,
115,2022-12-31,Football,NCAAF,TCU @ MICH,total,TCU o31.5 -112,TCU,MICH,-112,112,100,won,2022-12-31,
116,2022-12-31,Football,NCAAF,TCU @ MICH,total,TCU @ MICH: o57.5 -110,TCU,MICH,-110,110,100,won,2022-12-31,
117,2022-12-31,Football,NCAAF,TCU @ MICH,spread,TCU +8 -110,TCU,MICH,-110,220,200,won,2022-12-31,
118,2022-12-31,Football,NCAAF,TCU @ MICH,spread,TCU +7.5 -110,TCU,MICH,-110,275,250,won,2022-12-31,
119,2022-12-31,Football,NCAAF,OSU @ UGA,spread,(Live) UGA -2.5 -114,UGA,OSU,-114,114,100,lost,2022-12-31,Live bet
120,2022-12-31,Football,NCAAF,OSU @ UGA,total,OSU @ UGA: o62 -110,OSU,UGA,-110,110,100,won,2022-12-31,
121,2023-01-01,Football,NFL,NO @ PHI,spread,(Live) PHI +7.5 -125,PHI,NO,-125,100,80,lost,2023-01-01,Live bet
122,2023-01-01,Football,NFL,NYJ @ SEA,spread,SEA +1.5 -110,SEA,NYJ,-110,110,100,won,2023-01-01,
123,2023-01-01,Football,NFL,NYJ @ SEA,moneyline,SEA +105,SEA,NYJ,105,100,105,won,2023-01-01,
124,2023-01-01,Football,NFL,SF @ LV,total,(Live) SF @ LV: o52.5 -105,SF,LV,-105,52.5,50,won,2023-01-01,Live bet
125,2023-01-01,Football,NFL,NYJ @ SEA,total,(Live) NYJ @ SEA: o44.5 -110,NYJ,SEA,-110,55,50,lost,2023-01-01,Live bet
126,2023-01-01,Football,NFL,MIN @ GB,spread,(Live) MIN +23.5 -115,MIN,GB,-115,115,100,lost,2023-01-01,Live bet
127,2023-01-01,Football,NFL,LA @ LAC,total,(Live) LA @ LAC: u43.5 -114,LA,LAC,-114,114,100,won,2023-01-01,Live bet
128,2023-01-02,Football,NCAAF,MSST @ ILL,spread,ILL +2.5 -110,ILL,MSST,-110,110,100,lost,2023-01-02,
129,2023-01-02,Football,NCAAF,TULN @ USC,spread,TULN +2 -110,TULN,USC,-110,275,250,won,2023-01-02,
130,2023-01-02,Football,NCAAF,PSU @ UTAH,total,(Live) PSU @ UTAH: u55.5 +105,PSU,UTAH,105,110,115.5,lost,2023-01-02,Live bet
131,2023-01-02,Football,NCAAF,PSU @ UTAH,total,PSU @ UTAH: o52.5 -110,PSU,UTAH,-110,275,250,won,2023-01-02,
132,2023-01-02,Football,NCAAF,PSU @ UTAH,spread,UTAH -2 -110,UTAH,PSU,-110,275,250,lost,2023-01-02,
133,2023-01-05,Basketball,NCAAB,PUR @ OSU,spread,OSU -1.5 -110,OSU,PUR,-110,110,100,lost,2023-01-05,
134,2023-01-05,Basketball,NCAAB,SCU @ PEPP,spread,PEPP -1.5 -110,PEPP,SCU,-110,110,100,lost,2023-01-05,
135,2023-01-05,Basketball,NCAAB,WASH @ ARIZ,spread,(1H) ARIZ -10.5 -110,ARIZ,WASH,-110,110,100,lost,2023-01-05,1st half
136,2023-01-05,Basketball,NCAAB,WASH @ ARIZ,spread,(1H) ARIZ +1.5 -104,ARIZ,WASH,-104,208,200,won,2023-01-05,1st half
137,2023-01-05,Basketball,NCAAB,WASH @ ARIZ,spread,(Live) ARIZ -4.5 -112,ARIZ,WASH,-112,224,200,lost,2023-01-05,Live bet
138,2023-01-05,Basketball,NCAAB,BYU @ LMU,moneyline,LMU -110,LMU,BYU,-110,110,100,won,2023-01-05,
139,2023-01-07,Football,NFL,TEN @ JAC,total,TEN @ JAC: u40 -110,TEN,JAC,-110,110,100,won,2023-01-07,
140,2023-01-07,Football,NFL,TEN @ JAC,spread,(Live) JAC +3.5 -126,JAC,TEN,-126,252,200,won,2023-01-07,Live bet
141,2023-01-08,Football,NFL,BAL @ CIN,spread,BAL +11 -110,BAL,CIN,-110,110,100,push,2023-01-08,
142,2023-01-08,Football,NFL,DET @ GB,spread,DET +5 -110,DET,GB,-110,220,200,won,2023-01-08,
143,2023-01-08,Football,NFL,DET @ GB,spread,GB -4.5 -110,GB,DET,-110,220,200,lost,2023-01-08,
144,2023-01-08,Football,NFL,DET @ GB,total,(1H) GB o13.5 +102,GB,DET,102,19.61,20,lost,2023-01-08,1st half
145,2023-01-09,Football,NCAAF,TCU @ UGA,total,TCU @ UGA: o61.5 -110,TCU,UGA,-110,110,100,won,2023-01-09,
146,2023-01-09,Football,NCAAF,TCU @ UGA,spread,(Live) TCU +21.5 -117,TCU,UGA,-117,234,200,lost,2023-01-09,Live bet
147,2023-01-09,Football,NCAAF,TCU @ UGA,total,(Live) TCU @ UGA: o74.5 +121,TCU,UGA,121,110,133.1,lost,2023-01-09,Live bet
148,2023-01-10,Hockey,NHL,SEA @ BUF,total,SEA @ BUF: o6.5 -118,SEA,BUF,-118,236,200,won,2023-01-10,
149,2023-01-11,Basketball,NCAAB,CONN @ MARQ,spread,CONN -2.5 -110,CONN,MARQ,-110,110,100,lost,2023-01-11,
150,2023-01-11,Basketball,NCAAB,CREI @ XAV,spread,CREI +2.5 -110,CREI,XAV,-110,110,100,lost,2023-01-11,
151,2023-01-11,Basketball,NCAAB,ALA @ ARK,spread,ARK -1.5 -110,ARK,ALA,-110,110,100,lost,2023-01-11,
152,2023-01-11,Basketball,NCAAB,GMU @ SLU,spread,GMU +7.5 -110,GMU,SLU,-110,110,100,won,2023-01-11,
153,2023-01-11,Basketball,NCAAB,TCU @ TEX,spread,TCU +6.5 -110,TCU,TEX,-110,110,100,won,2023-01-11,
154,2023-01-12,Hockey,NHL,SEA @ BOS,spread,SEA +1.5 -125,SEA,BOS,-125,62.5,50,won,2023-01-12,
155,2023-01-12,Basketball,NCAAB,STAN @ WASH,spread,WASH -2 -110,WASH,STAN,-110,110,100,won,2023-01-12,
156,2023-01-13,Basketball,NCAAB,NEB @ PUR,spread,PUR -15 -110,PUR,NEB,-110,55,50,won,2023-01-13,
157,2023-01-14,Football,NFL,SEA @ SF,total,(Live) SEA @ SF: u56.5 -120,SEA,SF,-120,240,200,lost,2023-01-14,Live bet
158,2023-01-14,Football,NFL,SEA @ SF,total,(Live) SEA @ SF: u64.5 -121,SEA,SF,-121,242,200,won,2023-01-14,Live bet
159,2023-01-14,Football,NFL,SEA @ SF,total,SEA @ SF: u42.5 -110,SEA,SF,-110,110,100,lost,2023-01-14,
160,2023-01-14,Football,NFL,LAC @ JAC,total,LAC @ JAC: u47.5 -110,LAC,JAC,-110,110,100,lost,2023-01-14,
161,2023-01-14,Football,NFL,LAC @ JAC,spread,LAC -2.5 -110,LAC,JAC,-110,220,200,lost,2023-01-14,
162,2023-01-14,Football,NFL,LAC @ JAC,spread,LAC -2 -110,LAC,JAC,-110,220,200,lost,2023-01-14,
163,2023-01-15,Football,NFL,MIA @ BUF,spread,(Live) BUF -3.5 -106,BUF,MIA,-106,200,188.68,lost,2023-01-15,Live bet
164,2023-01-15,Football,NFL,MIA @ BUF,total,MIA o16.5 -102,MIA,BUF,-102,102,100,won,2023-01-15,
165,2023-01-15,Football,NFL,MIA @ BUF,total,MIA @ BUF: u43.5 -110,MIA,BUF,-110,110,100,lost,2023-01-15,
166,2023-01-15,Football,NFL,NYG @ MIN,total,NYG @ MIN: u48 -110,NYG,MIN,-110,110,100,lost,2023-01-15,
167,2023-01-15,Football,NFL,BAL @ CIN,total,(1H) BAL @ CIN: u20.5 -121,BAL,CIN,-121,121,100,won,2023-01-15,1st half
168,2023-01-15,Football,NFL,BAL @ CIN,spread,CIN -8.5 -110,CIN,BAL,-110,110,100,lost,2023-01-15,
169,2023-01-15,Football,NFL,BAL @ CIN,total,BAL @ CIN: u40.5 -110,BAL,CIN,-110,110,100,lost,2023-01-15,
170,2023-01-16,Football,NFL,DAL @ TB,total,DAL @ TB: u45.5 -110,DAL,TB,-110,110,100,won,2023-01-16,
171,2023-01-19,Hockey,NHL,NJ @ SEA,moneyline,SEA +115,SEA,NJ,115,100,115,won,2023-01-19,
172,2023-01-21,Football,NFL,JAC @ KC,total,(1H) KC o16.5 -110,KC,JAC,-110,220,200,won,2023-01-21,1st half
173,2023-01-21,Hockey,NHL,COL @ SEA,moneyline,SEA -110,SEA,COL,-110,200,181.82,lost,2023-01-21,
174,2023-01-22,Football,NFL,CIN @ BUF,total,(1H) BUF o13.5 -106,BUF,CIN,-106,42.4,40,lost,2023-01-22,1st half
175,2023-01-22,Football,NFL,CIN @ BUF,total,CIN @ BUF: o46.5 -128,CIN,BUF,-128,76.8,60,lost,2023-01-22,
176,2023-01-22,Football,NFL,CIN @ BUF,spread,(Live) BUF +3.5 -136,BUF,CIN,-136,81.6,60,lost,2023-01-22,Live bet
177,2023-01-22,Football,NFL,CIN @ BUF,total,(1H) CIN @ BUF: o27.5 -102,CIN,BUF,-102,81.6,80,lost,2023-01-22,1st half
178,2023-01-26,Basketball,NCAAB,UCLA @ USC,spread,UCLA -4.5 -110,UCLA,USC,-110,220,200,lost,2023-01-26,
179,2023-01-26,Basketball,NCAAB,ASU @ WASH,spread,ASU -2.5 -110,ASU,WASH,-110,220,200,lost,2023-01-26,
180,2023-01-26,Basketball,NCAAB,ARIZ @ WSU,spread,ARIZ -5 -110,ARIZ,WSU,-110,220,200,push,2023-01-26,
181,2023-01-27,Basketball,NCAAB,BUFF @ KENT,spread,KENT -10.5 -110,KENT,BUFF,-110,220,200,lost,2023-01-27,
182,2023-01-27,Hockey,NHL,CGY @ SEA,moneyline,SEA -115,SEA,CGY,-115,115,100,lost,2023-01-27,
183,2023-01-28,Basketball,NCAAB,NCST @ WAKE,spread,WAKE -3.5 -110,WAKE,NCST,-110,110,100,lost,2023-01-28,
184,2023-01-28,Basketball,NCAAB,TTU @ LSU,spread,TTU -2.5 -110,TTU,LSU,-110,110,100,won,2023-01-28,
185,2023-01-28,Basketball,NCAAB,SAM @ WOF,spread,SAM -2.5 -110,SAM,WOF,-110,110,100,lost,2023-01-28,
186,2023-01-28,Basketball,NCAAB,ISU @ MIZZ,spread,MIZZ +1.5 -112,MIZZ,ISU,-112,112,100,won,2023-01-28,
187,2023-01-28,Basketball,NCAAB,ALA @ OKLA,spread,OKLA +6.5 -110,OKLA,ALA,-110,110,100,won,2023-01-28,
188,2023-01-28,Basketball,NCAAB,CHAT @ ETSU,spread,ETSU -3 -110,ETSU,CHAT,-110,110,100,lost,2023-01-28,
189,2023-01-28,Basketball,NCAAB,ARST @ APP,spread,ARST +9.5 -110,ARST,APP,-110,110,100,lost,2023-01-28,
190,2023-01-28,Basketball,NCAAB,ARIZ @ WASH,spread,(1H) ARIZ -0.5 -119,ARIZ,WASH,-119,119,100,won,2023-01-28,1st half
191,2023-01-28,Basketball,NCAAB,TEX @ TENN,spread,TEX +5 -110,TEX,TENN,-110,110,100,lost,2023-01-28,
192,2023-01-28,Basketball,NCAAB,WMU @ CMU,spread,WMU -1.5 -110,WMU,CMU,-110,110,100,lost,2023-01-28,
193,2023-01-28,Basketball,NCAAB,UTAH @ ORE,spread,ORE -5 -110,ORE,UTAH,-110,110,100,won,2023-01-28,
194,2023-01-28,Basketball,NCAAB,VAN @ TXAM,spread,VAN +10 -110,VAN,TXAM,-110,110,100,won,2023-01-28,
195,2023-01-28,Hockey,NHL,CBJ @ SEA,spread,SEA -1.5 -110,SEA,CBJ,-110,110,100,won,2023-01-28,
196,2023-01-29,Basketball,NCAAB,PROV @ VILL,spread,VILL +1 -110,VILL,PROV,-110,110,100,lost,2023-01-29,
197,2023-01-29,Basketball,NCAAB,DET @ YSU,spread,DET +9.5 -110,DET,YSU,-110,110,100,lost,2023-01-29,
198,2023-01-29,Basketball,NCAAB,DET @ YSU,spread,(1H) DET +5.5 -115,DET,YSU,-115,115,100,won,2023-01-29,1st half
199,2023-01-29,Basketball,NCAAB,FUR @ UNCG,spread,FUR -1 -110,FUR,UNCG,-110,110,100,won,2023-01-29,
200,2023-01-29,Football,NFL,SF @ PHI,total,(Live) SF @ PHI: u48.5 -120,SF,PHI,-120,120,100,won,2023-01-29,Live bet
201,2023-01-29,Football,NFL,SF @ PHI,spread,(Live) PHI -3.5 -116,PHI,SF,-116,116,100,won,2023-01-29,Live bet
202,2023-01-29,Basketball,NCAAB,DRKE @ BEL,spread,DRKE -1 -110,DRKE,BEL,-110,110,100,won,2023-01-29,
203,2023-02-04,Basketball,NCAAB,PUR @ IND,moneyline,(Live) PUR +128,PUR,IND,128,100,128,lost,2023-02-04,Live bet
204,2023-02-04,Basketball,NCAAB,PUR @ IND,spread,(Live) PUR +6.5 -114,PUR,IND,-114,114,100,won,2023-02-04,Live bet
205,2023-02-12,Football,NFL,KC @ PHI,moneyline,KC +100,KC,PHI,100,100,100,won,2023-02-12,
206,2023-02-23,Hockey,NHL,BOS @ SEA,moneyline,SEA +155,SEA,BOS,155,64.52,100,lost,2023-02-23,
207,2023-02-26,Hockey,NHL,TOR @ SEA,moneyline,SEA +130,SEA,TOR,130,76.92,100,lost,2023-02-26,
208,2023-03-09,Basketball,NCAAB,WSU @ ORE,spread,WSU +2.5 -110,WSU,ORE,-110,110,100,lost,2023-03-09,
209,2023-03-09,Basketball,NCAAB,WSU @ ORE,moneyline,WSU +120,WSU,ORE,120,100,120,lost,2023-03-09,
210,2023-03-09,Basketball,NCAAB,ARK @ AUB,spread,ARK -4 -107,ARK,AUB,-107,107,100,lost,2023-03-09,
211,2023-03-09,Basketball,NCAAB,ASU @ USC,spread,ASU +4 -107,ASU,USC,-107,107,100,won,2023-03-09,
212,2023-03-16,Basketball,NCAAB,WVU @ MD,spread,MD +2.5 -112,MD,WVU,-112,112,100,won,2023-03-16,
213,2023-03-16,Basketball,NCAAB,WVU @ MD,total,(1H) WVU @ MD: u64 -115,WVU,MD,-115,115,100,won,2023-03-16,1st half
214,2023-03-16,Basketball,NCAAB,FUR @ UVA,spread,FUR +5.5 -110,FUR,UVA,-110,110,100,won,2023-03-16,
215,2023-03-16,Basketball,NCAAB,USU @ MIZZ,total,(1H) USU @ MIZZ: u72.5 -110,USU,MIZZ,-110,110,100,won,2023-03-16,1st half
216,2023-03-16,Basketball,NCAAB,USU @ MIZZ,spread,MIZZ +1.5 -110,MIZZ,USU,-110,110,100,won,2023-03-16,
217,2023-03-16,Basketball,NCAAB,AMCC @ ALA,total,(1H) AMCC @ ALA: u73.5 -120,AMCC,ALA,-120,120,100,lost,2023-03-16,1st half
218,2023-03-16,Basketball,NCAAB,COFC @ SDSU,total,(1H) COFC @ SDSU: u66.5 -120,COFC,SDSU,-120,120,100,won,2023-03-16,1st half
219,2023-03-16,Basketball,NCAAB,COFC @ SDSU,spread,SDSU -5.5 -110,SDSU,COFC,-110,110,100,won,2023-03-16,
220,2023-03-16,Basketball,NCAAB,PRIN @ ARIZ,total,(1H) PRIN @ ARIZ: u72.5 -115,PRIN,ARIZ,-115,115,100,won,2023-03-16,1st half
221,2023-03-16,Basketball,NCAAB,PRIN @ ARIZ,spread,(2H) PRIN +9 -115,PRIN,ARIZ,-115,115,100,won,2023-03-16,2nd half
222,2023-03-16,Basketball,NCAAB,ILL @ ARK,total,(1H) ILL @ ARK: u66.5 -110,ILL,ARK,-110,110,100,won,2023-03-16,1st half
223,2023-03-16,Basketball,NCAAB,ILL @ ARK,spread,ARK -1.5 -110,ARK,ILL,-110,110,100,won,2023-03-16,
224,2023-03-16,Basketball,NCAAB,AUB @ IOWA,total,(1H) AUB @ IOWA: u71 -112,AUB,IOWA,-112,112,100,won,2023-03-16,1st half
225,2023-03-16,Basketball,NCAAB,AUB @ IOWA,spread,(1H) IOWA +0.5 -120,IOWA,AUB,-120,120,100,lost,2023-03-16,1st half
226,2023-03-16,Basketball,NCAAB,ORU @ DUKE,spread,ORU +6.5 -110,ORU,DUKE,-110,110,100,lost,2023-03-16,
227,2023-03-16,Basketball,NCAAB,COLG @ TEX,spread,TEX -13.5 -110,TEX,COLG,-110,110,100,won,2023-03-16,
228,2023-03-16,Basketball,NCAAB,BSU @ NW,spread,BSU +1.5 -110,BSU,NW,-110,110,100,lost,2023-03-16,
229,2023-03-16,Basketball,NCAAB,NKU @ HOU,total,(1H) NKU @ HOU: u56.5 -115,NKU,HOU,-115,115,100,lost,2023-03-16,1st half
230,2023-03-16,Basketball,NCAAB,NKU @ HOU,spread,(1H) HOU -11 -120,HOU,NKU,-120,120,100,lost,2023-03-16,1st half
231,2023-03-16,Basketball,NCAAB,UL @ TENN,spread,TENN -11.5 -110,TENN,UL,-110,110,100,lost,2023-03-16,
232,2023-03-16,Basketball,NCAAB,PSU @ TXAM,spread,PSU +3 -110,PSU,TXAM,-110,110,100,won,2023-03-16,
233,2023-03-16,Basketball,NCAAB,PSU @ TXAM,spread,(2H) PSU +5.5 -110,PSU,TXAM,-110,110,100,won,2023-03-16,2nd half
234,2023-03-17,Basketball,NCAAB,USC @ MSU,total,(1H) USC @ MSU: u64 -120,USC,MSU,-120,120,100,lost,2023-03-17,1st half
235,2023-03-17,Basketball,NCAAB,USC @ MSU,spread,USC +2 -107,USC,MSU,-107,107,100,lost,2023-03-17,
236,2023-03-17,Basketball,NCAAB,KENN @ XAV,total,(1H) KENN @ XAV: u72.5 -115,KENN,XAV,-115,115,100,lost,2023-03-17,1st half
237,2023-03-17,Basketball,NCAAB,UCSB @ BAY,total,(1H) UCSB @ BAY: u66 -112,UCSB,BAY,-112,112,100,lost,2023-03-17,1st half
238,2023-03-17,Basketball,NCAAB,UCSB @ BAY,spread,UCSB +10.5 -107,UCSB,BAY,-107,107,100,lost,2023-03-17,
239,2023-03-17,Basketball,NCAAB,VCU @ SMC,total,(1H) VCU @ SMC: u56.5 -112,VCU,SMC,-112,112,100,lost,2023-03-17,1st half
240,2023-03-17,Basketball,NCAAB,VCU @ SMC,spread,SMC -4.5 -107,SMC,VCU,-107,107,100,won,2023-03-17,
241,2023-03-17,Basketball,NCAAB,UVM @ MARQ,total,(1H) UVM @ MARQ: u67.5 -117,UVM,MARQ,-117,117,100,lost,2023-03-17,1st half
242,2023-03-17,Basketball,NCAAB,UVM @ MARQ,spread,UVM +10.5 -110,UVM,MARQ,-110,110,100,lost,2023-03-17,
243,2023-03-17,Basketball,NCAAB,PITT @ ISU,moneyline,PITT +170,PITT,ISU,170,100,170,won,2023-03-17,
244,2023-03-17,Basketball,NCAAB,PITT @ ISU,total,(1H) PITT @ ISU: u61 -112,PITT,ISU,-112,112,100,won,2023-03-17,1st half
245,2023-03-17,Basketball,NCAAB,NCST @ CREI,total,(1H) NCST @ CREI: u70 -117,NCST,CREI,-117,117,100,won,2023-03-17,1st half
246,2023-03-17,Basketball,NCAAB,IONA @ CONN,total,(1H) IONA @ CONN: u65.5 -120,IONA,CONN,-120,120,100,lost,2023-03-17,1st half
247,2023-03-17,Basketball,NCAAB,IONA @ CONN,spread,CONN -9.5 -110,CONN,IONA,-110,110,100,won,2023-03-17,
248,2023-03-17,Basketball,NCAAB,PROV @ UK,total,PROV @ UK: u144.5 -112,PROV,UK,-112,112,100,won,2023-03-17,
249,2023-03-17,Basketball,NCAAB,PROV @ UK,spread,UK -4.5 -107,UK,PROV,-107,107,100,won,2023-03-17,
250,2023-03-17,Basketball,NCAAB,PROV @ UK,total,(1H) PROV @ UK: u67 -112,PROV,UK,-112,112,100,lost,2023-03-17,1st half
251,2023-03-17,Basketball,NCAAB,DRKE @ MIA,spread,DRKE +2 -110,DRKE,MIA,-110,110,100,lost,2023-03-17,
252,2023-03-17,Basketball,NCAAB,FAU @ MEM,spread,FAU +2.5 -112,FAU,MEM,-112,112,100,won,2023-03-17,
253,2023-03-17,Basketball,NCAAB,MTST @ KSU,total,MTST @ KSU: u140 -110,MTST,KSU,-110,110,100,lost,2023-03-17,
254,2023-03-17,Basketball,NCAAB,MTST @ KSU,spread,MTST +8.5 -110,MTST,KSU,-110,110,100,lost,2023-03-17,
255,2023-03-17,Basketball,NCAAB,KENT @ IND,total,KENT @ IND: u140.5 -112,KENT,IND,-112,112,100,won,2023-03-17,
256,2023-03-17,Basketball,NCAAB,KENT @ IND,spread,KENT +4.5 -110,KENT,IND,-110,110,100,lost,2023-03-17,
257,2023-03-17,Basketball,NCAAB,ASU @ TCU,moneyline,ASU +176,ASU,TCU,176,100,176,lost,2023-03-17,
258,2023-03-18,Basketball,NCAAB,FUR @ SDSU,spread,SDSU -5.5 -110,SDSU,FUR,-110,110,100,won,2023-03-18,
259,2023-03-18,Basketball,NCAAB,DUKE @ TENN,spread,DUKE -3.5 -110,DUKE,TENN,-110,110,100,lost,2023-03-18,
260,2023-03-18,Basketball,NCAAB,ARK @ KU,spread,ARK +3.5 -110,ARK,KU,-110,110,100,won,2023-03-18,
261,2023-03-18,Basketball,NCAAB,PRIN @ MIZZ,total,PRIN @ MIZZ: o145.5 -110,PRIN,MIZZ,-110,110,100,lost,2023-03-18,
262,2023-03-18,Basketball,NCAAB,PRIN @ MIZZ,spread,PRIN +6.5 -110,PRIN,MIZZ,-110,110,100,won,2023-03-18,
263,2023-03-18,Basketball,NCAAB,PSU @ TEX,spread,PSU +5.5 -110,PSU,TEX,-110,110,100,won,2023-03-18,
264,2023-03-18,Basketball,NCAAB,NW @ UCLA,total,NW @ UCLA: u126 -110,NW,UCLA,-110,110,100,lost,2023-03-18,
265,2023-03-18,Basketball,NCAAB,NW @ UCLA,spread,UCLA -7.5 -110,UCLA,NW,-110,110,100,lost,2023-03-18,
266,2023-03-19,Basketball,NCAAB,PITT @ XAV,spread,XAV -5 -110,XAV,PITT,-110,110,100,won,2023-03-19,
267,2023-03-19,Basketball,NCAAB,UK @ KSU,spread,UK -2 -110,UK,KSU,-110,110,100,lost,2023-03-19,
268,2023-03-19,Basketball,NCAAB,MSU @ MARQ,spread,MSU +3 -105,MSU,MARQ,-105,105,100,won,2023-03-19,
269,2023-03-19,Basketball,NCAAB,CREI @ BAY,spread,CREI +1 -110,CREI,BAY,-110,110,100,won,2023-03-19,
270,2023-03-19,Basketball,NCAAB,MIA @ IND,spread,IND -1.5 -110,IND,MIA,-110,110,100,lost,2023-03-19,
271,2023-03-19,Basketball,NCAAB,TCU @ GONZ,spread,TCU +4.5 -110,TCU,GONZ,-110,110,100,won,2023-03-19,
272,2023-03-19,Basketball,NCAAB,TCU @ GONZ,moneyline,(1H) TCU +185,TCU,GONZ,185,100,185,won,2023-03-19,1st half
273,2023-03-19,Basketball,NCAAB,TCU @ GONZ,moneyline,(Live) TCU -105,TCU,GONZ,-105,105,100,lost,2023-03-19,Live bet
274,2023-03-23,Basketball,NCAAB,FAU @ TENN,spread,FAU +5.5 -110,FAU,TENN,-110,110,100,won,2023-03-23,
275,2023-03-24,Basketball,NCAAB,SDSU @ ALA,spread,SDSU +7.5 -110,SDSU,ALA,-110,110,100,won,2023-03-24,
276,2023-03-30,Baseball,MLB,CLE @ SEA,spread,(F5) SEA -0.5 +125,SEA,CLE,125,100,125,lost,2023-03-30,1st 5 innings
277,2023-04-01,Basketball,NCAAB,MIA @ CONN,spread,CONN -5.5 -110,CONN,MIA,-110,110,100,won,2023-04-01,
278,2023-04-01,Basketball,NCAAB,MIA @ CONN,spread,(1H) CONN -3.5 -110,CONN,MIA,-110,110,100,won,2023-04-01,1st half
279,2023-04-01,Basketball,NCAAB,MIA @ CONN,spread,CONN -14.5 +350,CONN,MIA,350,100,350,lost,2023-04-01,
280,2023-04-01,Basketball,NCAAB,MIA @ CONN,spread,CONN -5 -107,CONN,MIA,-107,107,100,won,2023-04-01,
281,2023-04-01,Basketball,NCAAB,MIA @ CONN,spread,CONN -20.5 +700,CONN,MIA,700,100,700,lost,2023-04-01,
282,2023-04-15,Basketball,NBA,GSW @ SAC,moneyline,GSW -103,GSW,SAC,-103,206,200,lost,2023-04-15,
283,2023-08-26,Football,NCAAF,NAVY @ ND,spread,NAVY +20.5 -111,NAVY,ND,-111,111,100,lost,2023-08-26,
284,2023-08-26,Football,NCAAF,UTEP @ JVST,spread,JVST +1 -112,JVST,UTEP,-112,112,100,won,2023-08-26,
285,2023-08-26,Football,NCAAF,UTEP @ JVST,moneyline,UTEP -114,UTEP,JVST,-114,228,200,lost,2023-08-26,
286,2023-08-26,Football,NCAAF,UTEP @ JVST,total,UTEP @ JVST: o54.5 -112,UTEP,JVST,-112,112,100,lost,2023-08-26,
287,2023-08-26,Football,NCAAF,OHIO @ SDSU,spread,OHIO +3 -110,OHIO,SDSU,-110,110,100,lost,2023-08-26,
288,2023-08-26,Football,NCAAF,MASS @ NMSU,spread,MASS +7 -115,MASS,NMSU,-115,115,100,won,2023-08-26,
289,2023-08-26,Football,NCAAF,HAW @ VAN,spread,HAW +17.5 -111,HAW,VAN,-111,111,100,won,2023-08-26,
290,2023-08-26,Football,NCAAF,FIU @ LT,spread,LT -11 -108,LT,FIU,-108,108,100,lost,2023-08-26,
291,2023-08-31,Football,NCAAF,KENT @ UCF,spread,UCF -35 -109,UCF,KENT,-109,109,100,won,2023-08-31,
292,2023-08-31,Football,NCAAF,NCST @ UCONN,spread,UCONN +15 -111,UCONN,NCST,-111,111,100,won,2023-08-31,
293,2023-08-31,Football,NCAAF,FLA @ UTAH,spread,FLA +7 -106,FLA,UTAH,-106,106,100,lost,2023-08-31,
294,2023-08-31,Football,NCAAF,NEB @ MINN,spread,MINN -7 -110,MINN,NEB,-110,110,100,lost,2023-08-31,
295,2023-09-01,Football,NCAAF,CMU @ MSU,spread,CMU +14.5 -109,CMU,MSU,-109,109,100,lost,2023-09-01,
296,2023-09-01,Football,NCAAF,LOU @ GT,spread,GT +7.5 -116,GT,LOU,-116,116,100,won,2023-09-01,
297,2023-09-01,Football,NCAAF,MOST @ KU,spread,MOST +32 -112,MOST,KU,-112,112,100,won,2023-09-01,
298,2023-09-01,Football,NCAAF,STAN @ HAW,spread,HAW +7 -111,HAW,STAN,-111,111,100,lost,2023-09-01,
299,2023-09-02,Football,NCAAF,ECU @ MICH,spread,MICH -35 -107,MICH,ECU,-107,107,100,lost,2023-09-02,
300,2023-09-02,Football,NCAAF,ECU @ MICH,spread,ECU +35 -106,ECU,MICH,-106,212,200,won,2023-09-02,
301,2023-09-02,Football,NCAAF,BUFF @ WIS,spread,WIS -25.5 -109,WIS,BUFF,-109,109,100,lost,2023-09-02,
302,2023-09-02,Football,NCAAF,BOISE @ WASH,spread,WASH -14 -110,WASH,BOISE,-110,220,200,won,2023-09-02,
303,2023-09-02,Football,NCAAF,USF @ WKU,spread,USF +13.5 -109,USF,WKU,-109,109,100,lost,2023-09-02,
304,2023-09-02,Football,NCAAF,CAL @ UNT,spread,UNT +7.5 -110,UNT,CAL,-110,110,100,lost,2023-09-02,
305,2023-09-02,Football,NCAAF,TXST @ BAY,spread,TXST +25.5 -110,TXST,BAY,-110,110,100,won,2023-09-02,
306,2023-09-02,Football,NCAAF,UNC @ SC,spread,UNC -2.5 -115,UNC,SC,-115,115,100,won,2023-09-02,
307,2023-09-02,Football,NCAAF,TOL @ ILL,spread,ILL -9.5 -109,ILL,TOL,-109,109,100,lost,2023-09-02,
308,2023-09-02,Football,NCAAF,TTU @ WYO,spread,TTU -14 -110,TTU,WYO,-110,110,100,lost,2023-09-02,
309,2023-09-02,Football,NCAAF,SHSU @ BYU,spread,SHSU +19 -110,SHSU,BYU,-110,110,100,won,2023-09-02,
310,2023-09-02,Football,NCAAF,CC @ UCLA,spread,UCLA -16 -109,UCLA,CC,-109,109,100,lost,2023-09-02,
311,2023-09-03,Football,NCAAF,ORST @ SJSU,total,(Live) ORST @ SJSU: u50.5 -115,ORST,SJSU,-115,115,100,lost,2023-09-03,Live bet
312,2023-09-03,Football,NCAAF,LSU @ FSU,spread,FSU +2 -109,FSU,LSU,-109,109,100,won,2023-09-03,
313,2023-09-03,Football,NCAAF,LSU @ FSU,spread,FSU +2.5 -110,FSU,LSU,-110,110,100,won,2023-09-03,
314,2023-09-09,Football,NCAAF,ND @ NCST,spread,NCST +7.5 -113,NCST,ND,-113,113,100,lost,2023-09-09,
315,2023-09-09,Football,NCAAF,UTAH @ BAY,spread,UTAH -7 -113,UTAH,BAY,-113,113,100,push,2023-09-09,
316,2023-09-09,Football,NCAAF,TA&M @ MIA,spread,TA&M -3 -112,TA&M,MIA,-112,112,100,lost,2023-09-09,
317,2023-09-09,Football,NCAAF,TA&M @ MIA,total,TA&M @ MIA: o51 -111,TA&M,MIA,-111,111,100,won,2023-09-09,
318,2023-09-09,Football,NCAAF,TXST @ UTSA,total,TXST @ UTSA: o66 -113,TXST,UTSA,-113,113,100,lost,2023-09-09,
319,2023-09-09,Football,NCAAF,NMSU @ LIB,spread,LIB -10 -114,LIB,NMSU,-114,114,100,won,2023-09-09,
320,2023-09-09,Football,NCAAF,SMU @ OU,spread,SMU +16.5 -110,SMU,OU,-110,110,100,lost,2023-09-09,
321,2023-09-09,Football,NCAAF,ORE @ TTU,spread,ORE -6.5 -115,ORE,TTU,-115,115,100,won,2023-09-09,
322,2023-09-09,Football,NCAAF,HOU @ RICE,spread,RICE +10 -114,RICE,HOU,-114,114,100,won,2023-09-09,
323,2023-09-09,Football,NCAAF,UCONN @ GAST,spread,UCONN +3 -111,UCONN,GAST,-111,111,100,lost,2023-09-09,
324,2023-09-09,Football,NCAAF,TEX @ BAMA,total,(Live) TEX @ BAMA: u48 -113,TEX,BAMA,-113,113,100,lost,2023-09-09,Live bet
325,2023-09-09,Football,NCAAF,TEX @ BAMA,spread,BAMA -7 -110,BAMA,TEX,-110,110,100,lost,2023-09-09,
326,2023-09-09,Football,NCAAF,WIS @ WSU,spread,WIS -6.5 -110,WIS,WSU,-110,110,100,lost,2023-09-09,
327,2023-09-09,Football,NCAAF,ARI @ MSST,spread,ARI +9 -108,ARI,MSST,-108,108,100,won,2023-09-09,
328,2023-09-09,Football,NCAAF,AFA @ SHSU,spread,SHSU +14 -107,SHSU,AFA,-107,107,100,won,2023-09-09,
329,2023-09-09,Football,NCAAF,AUB @ CAL,total,AUB @ CAL: o55 -112,AUB,CAL,-112,112,100,lost,2023-09-09,
330,2023-09-09,Football,NCAAF,AUB @ CAL,spread,AUB -6.5 -110,AUB,CAL,-110,110,100,lost,2023-09-09,
331,2023-09-10,Football,NFL,CAR @ ATL,spread,ATL -6.5 +130,ATL,CAR,130,231,300.3,won,2023-09-10,
332,2023-09-10,Football,NFL,HOU @ BAL,spread,HOU +10 -110,HOU,BAL,-110,110,100,lost,2023-09-10,
333,2023-09-10,Football,NFL,CAR @ ATL,spread,ATL -3.5 -109,ATL,CAR,-109,327,300,won,2023-09-10,
334,2023-09-10,Football,NFL,GB @ CHI,spread,GB +1 -112,GB,CHI,-112,112,100,won,2023-09-10,
335,2023-09-11,Football,NFL,BUF @ NYJ,spread,NYJ +2 -110,NYJ,BUF,-110,275,250,won,2023-09-11,
336,2023-09-16,Football,NCAAF,LIB @ BUFF,spread,BUFF +3.5 -112,BUFF,LIB,-112,112,100,lost,2023-09-16,
337,2023-09-16,Football,NCAAF,LSU @ MSST,spread,LSU -9.5 -111,LSU,MSST,-111,111,100,won,2023-09-16,
338,2023-09-16,Football,NCAAF,M-OH @ CIN,spread,M-OH +14 -110,M-OH,CIN,-110,110,100,won,2023-09-16,
339,2023-09-16,Football,NCAAF,SYR @ PUR,spread,SYR -2.5 -111,SYR,PUR,-111,111,100,won,2023-09-16,
340,2023-09-17,Football,NFL,KC @ JAC,spread,KC -2.5 -112,KC,JAC,-112,112,100,won,2023-09-17,
341,2023-09-17,Football,NFL,LAC @ TEN,spread,LAC -2.5 -115,LAC,TEN,-115,115,100,lost,2023-09-17,
342,2023-09-17,Football,NFL,GB @ ATL,moneyline,ATL -108,ATL,GB,-108,108,100,won,2023-09-17,
343,2023-09-17,Football,NFL,SEA @ DET,spread,SEA +5.5 -110,SEA,DET,-110,110,100,won,2023-09-17,
344,2023-09-17,Football,NFL,NYG @ ARI,spread,NYG -4.5 -103,NYG,ARI,-103,103,100,lost,2023-09-17,
345,2023-09-22,Football,NCAAF,AFA @ SJSU,spread,SJSU +3.5 -112,SJSU,AFA,-112,112,100,lost,2023-09-22,
346,2023-09-22,Football,NCAAF,BOISE @ SDSU,spread,SDSU +7 -117,SDSU,BOISE,-117,117,100,won,2023-09-22,
347,2023-09-23,Football,NCAAF,AUB @ TA&M,spread,TA&M -8 -110,TA&M,AUB,-110,110,100,won,2023-09-23,
348,2023-09-23,Football,NCAAF,OU @ CIN,spread,CIN +14.5 -113,CIN,OU,-113,113,100,won,2023-09-23,
349,2023-09-23,Football,NCAAF,FSU @ CLEM,spread,FSU -2 -110,FSU,CLEM,-110,110,100,won,2023-09-23,
350,2023-09-23,Football,NCAAF,RUT @ MICH,spread,MICH -24 -109,MICH,RUT,-109,109,100,push,2023-09-23,
351,2023-09-23,Football,NCAAF,COLO @ ORE,spread,ORE -21 -110,ORE,COLO,-110,110,100,won,2023-09-23,
352,2023-09-23,Football,NCAAF,COLO @ ORE,total,(1H) ORE o24.5 -145,ORE,COLO,-145,290,200,won,2023-09-23,1st half
353,2023-09-23,Football,NCAAF,TTU @ WVU,spread,TTU -6 -112,TTU,WVU,-112,112,100,lost,2023-09-23,
354,2023-09-23,Football,NCAAF,COLO @ ORE,spread,(1H) ORE -13.5 -110,ORE,COLO,-110,110,100,won,2023-09-23,1st half
355,2023-09-23,Football,NCAAF,RICE @ USF,spread,RICE -2.5 -115,RICE,USF,-115,115,100,lost,2023-09-23,
356,2023-09-23,Football,NCAAF,SHSU @ HOU,spread,SHSU +11.5 -110,SHSU,HOU,-110,110,100,lost,2023-09-23,
357,2023-09-23,Football,NCAAF,OSU @ ND,spread,OSU -3 -103,OSU,ND,-103,103,100,push,2023-09-23,
358,2023-09-23,Football,NCAAF,MSST @ SC,spread,SC -6.5 -111,SC,MSST,-111,111,100,won,2023-09-23,
359,2023-09-24,Football,NFL,ATL @ DET,total,ATL @ DET: o46 -108,ATL,DET,-108,108,100,lost,2023-09-24,
360,2023-09-24,Football,NFL,NO @ GB,spread,GB +16.5 -114,GB,NO,-114,114,100,won,2023-09-24,
361,2023-09-24,Football,NFL,BUF @ WAS,spread,BUF -6.5 -110,BUF,WAS,-110,110,100,won,2023-09-24,
362,2023-09-24,Football,NFL,BUF @ WAS,total,BUF o26 -118,BUF,WAS,-118,118,100,won,2023-09-24,
363,2023-09-24,Football,NFL,CAR @ SEA,prop,,CAR/SEA,,-110,50,45.46,lost,2023-09-24,
364,2023-09-24,Football,NFL,CAR @ SEA,prop,,CAR/SEA,,315,25,78.75,lost,2023-09-24,
365,2023-09-24,Football,NFL,CAR @ SEA,prop,,CAR/SEA,,115,50,57.5,lost,2023-09-24,
366,2023-09-24,Football,NFL,CAR @ SEA,prop,,CAR/SEA,,280,36,100.8,lost,2023-09-24,
367,2023-09-24,Football,NFL,CAR @ SEA,prop,,CAR/SEA,,142,37,52.54,lost,2023-09-24,
368,2023-09-24,Football,NFL,CAR @ SEA,prop,,CAR/SEA,,142,25,35.5,lost,2023-09-24,
369,2023-09-25,Football,NFL,LA @ CIN,spread,CIN -7 +160,CIN,LA,160,1000,1600,lost,2023-09-25,
370,2023-09-25,Football,NFL,LA @ CIN,spread,LA +10.5 -160,LA,CIN,-160,1600,1000,won,2023-09-25,
371,2023-09-27,Baseball,MLB,HOU @ SEA,total,SEA o3.5 -120,SEA,HOU,-120,120,100,lost,2023-09-27,
372,2023-09-27,Baseball,MLB,HOU @ SEA,moneyline,SEA +103,SEA,HOU,103,100,103,lost,2023-09-27,
373,2023-09-29,Football,NCAAF,UTAH @ ORST,total,UTAH @ ORST: u44 -105,UTAH,ORST,-105,110,104.76,won,2023-09-29,
374,2023-09-30,Football,NCAAF,ILL @ PUR,moneyline,PUR -107,PUR,ILL,-107,107,100,won,2023-09-30,
375,2023-09-30,Football,NCAAF,LSU @ MISS,spread,LSU -2.5 -115,LSU,MISS,-115,115,100,lost,2023-09-30,
376,2023-09-30,Football,NCAAF,ORE @ STAN,spread,(1H) ORE -16 -110,ORE,STAN,-110,110,100,lost,2023-09-30,1st half
377,2023-10-01,Football,NFL,TB @ NO,spread,TB +3 +100,TB,NO,100,100,100,won,2023-10-01,
378,2023-10-01,Football,NFL,MIN @ CAR,spread,(2H) MIN -3.5 -115,MIN,CAR,-115,115,100,won,2023-10-01,2nd half
379,2023-10-01,Football,NFL,MIN @ CAR,prop,,MIN/CAR,,330,25,82.5,lost,2023-10-01,
380,2023-10-01,Football,NFL,CIN @ TEN,spread,CIN -2.5 -110,CIN,TEN,-110,110,100,lost,2023-10-01,
381,2023-10-01,Football,NFL,MIN @ CAR,prop,,MIN/CAR,,111,25,27.75,won,2023-10-01,
382,2023-10-01,Football,NFL,MIN @ CAR,prop,,MIN/CAR,,192,25,48,won,2023-10-01,
383,2023-10-01,Football,NFL,KC @ NYJ,total,KC o30.5 -110,KC,NYJ,-110,220,200,lost,2023-10-01,
384,2023-10-02,Football,NFL,SEA @ NYG,prop,,SEA/NYG,,-115,115,100,won,2023-10-02,
385,2023-10-05,Football,NCAAF,WKU @ LT,total,WKU @ LT: u59.5 -108,WKU,LT,-108,108,100,lost,2023-10-05,
386,2023-10-06,Football,NCAAF,NEB @ ILL,spread,NEB +3 -110,NEB,ILL,-110,110,100,won,2023-10-06,
387,2023-10-07,Football,NCAAF,WSU @ UCLA,spread,WSU +3.5 -110,WSU,UCLA,-110,110,100,lost,2023-10-07,
388,2023-10-07,Football,NCAAF,BAMA @ TA&M,total,BAMA @ TA&M: o47 -112,BAMA,TA&M,-112,112,100,lost,2023-10-07,
389,2023-10-07,Football,NCAAF,TLSA @ FAU,spread,FAU -3.5 -112,FAU,TLSA,-112,112,100,lost,2023-10-07,
390,2023-10-07,Football,NCAAF,UK @ UGA,total,UK @ UGA: o48.5 -110,UK,UGA,-110,110,100,won,2023-10-07,
391,2023-10-07,Football,NCAAF,TTU @ BAY,moneyline,TTU -120,TTU,BAY,-120,120,100,won,2023-10-07,
392,2023-10-07,Football,NCAAF,CSU @ USU,spread,CSU -2.5 -117,CSU,USU,-117,117,100,lost,2023-10-07,
393,2023-10-07,Football,NCAAF,SJSU @ BOISE,spread,BOISE -9.5 -110,BOISE,SJSU,-110,110,100,lost,2023-10-07,
394,2023-10-07,Football,NCAAF,ORST @ CAL,spread,ORST -9.5 -112,ORST,CAL,-112,112,100,won,2023-10-07,
395,2023-10-07,Football,NCAAF,ARI @ USC,moneyline,(Live) ARI +102,ARI,USC,102,100,102,lost,2023-10-07,Live bet
396,2023-10-07,Football,NCAAF,ARI @ USC,spread,(Live) USC -7.5 -116,USC,ARI,-116,116,100,lost,2023-10-07,Live bet
397,2023-10-08,Football,NFL,HOU @ ATL,total,HOU o19.5 -115,HOU,ATL,-115,115,100,lost,2023-10-08,
398,2023-10-08,Football,NFL,TEN @ IND,moneyline,TEN +102,TEN,IND,102,100,102,lost,2023-10-08,
399,2023-10-08,Football,NFL,NO @ NE,spread,NE -1.5 -110,NE,NO,-110,110,100,lost,2023-10-08,
400,2023-10-08,Football,NFL,CIN @ ARI,prop,,CIN/ARI,,115,50,57.5,lost,2023-10-08,
401,2023-10-08,Football,NFL,CIN @ ARI,prop,,CIN/ARI,,234,25,58.5,lost,2023-10-08,
402,2023-10-08,Football,NFL,CIN @ ARI,prop,,CIN/ARI,,605,25,151.25,lost,2023-10-08,
403,2023-10-08,Football,NFL,PHI @ LA,spread,PHI -4 -110,PHI,LA,-110,110,100,won,2023-10-08,
404,2023-10-08,Football,NFL,KC @ MIN,total,KC @ MIN: o52.5 -109,KC,MIN,-109,109,100,lost,2023-10-08,
405,2023-10-08,Football,NFL,KC @ MIN,total,KC o27.5 -114,KC,MIN,-114,114,100,lost,2023-10-08,
406,2023-10-08,Football,NFL,NYJ @ DEN,total,NYJ @ DEN: u42.5 -110,NYJ,DEN,-110,110,100,lost,2023-10-08,
407,2023-10-08,Football,NFL,DAL @ SF,spread,(Live) DAL +32.5 +280,DAL,SF,280,107,299.6,won,2023-10-08,Live bet
408,2023-10-08,Football,NFL,DAL @ SF,spread,DAL +3.5 -115,DAL,SF,-115,150,130.44,lost,2023-10-08,
409,2023-10-09,Football,NFL,GB @ LV,moneyline,GB +110,GB,LV,110,100,110,lost,2023-10-09,
410,2023-10-10,Football,NCAAF,LT @ MTSU,total,LT @ MTSU: u54.5 -110,LT,MTSU,-110,110,100,won,2023-10-10,
411,2023-10-10,Football,NCAAF,CC @ APP,spread,CC +5 -108,CC,APP,-108,108,100,won,2023-10-10,
412,2023-10-10,Football,NCAAF,LIB @ JVST,spread,JVST +7 -112,JVST,LIB,-112,112,100,lost,2023-10-10,
413,2023-10-10,Hockey,NHL,SEA @ VGK,total,SEA o2.5 -114,SEA,VGK,-114,57,50,lost,2023-10-10,
414,2023-10-10,Hockey,NHL,SEA @ VGK,moneyline,SEA +142,SEA,VGK,142,50,71,lost,2023-10-10,
415,2023-10-11,Football,NCAAF,SHSU @ NMSU,spread,SHSU +3.5 -110,SHSU,NMSU,-110,110,100,lost,2023-10-11,
416,2023-10-12,Football,NFL,DEN @ KC,total,DEN @ KC: u47 -110,DEN,KC,-110,110,100,won,2023-10-12,
417,2023-10-12,Football,NFL,DEN @ KC,spread,DEN +10.5 -110,DEN,KC,-110,110,100,lost,2023-10-12,
418,2023-10-13,Football,NCAAF,TULN @ MEM,spread,MEM +4.5 -110,MEM,TULN,-110,110,100,lost,2023-10-13,
419,2023-10-13,Football,NCAAF,STAN @ COLO,total,STAN @ COLO: u59.5 -109,STAN,COLO,-109,109,100,lost,2023-10-13,
420,2023-10-14,Football,NCAAF,MSU @ RUT,spread,MSU +4.5 -109,MSU,RUT,-109,109,100,won,2023-10-14,
421,2023-10-14,Football,NCAAF,GASO @ JMU,spread,GASO +4.5 -108,GASO,JMU,-108,108,100,lost,2023-10-14,
422,2023-10-14,Football,NCAAF,IU @ MICH,spread,IU +32.5 -109,IU,MICH,-109,109,100,lost,2023-10-14,
423,2023-10-14,Football,NCAAF,CAL @ UTAH,spread,UTAH -11 -110,UTAH,CAL,-110,110,100,won,2023-10-14,
424,2023-10-14,Football,NCAAF,ORE @ WASH,spread,WASH -2.5 -110,WASH,ORE,-110,220,200,won,2023-10-14,
425,2023-10-14,Football,NCAAF,MASS @ PSU,spread,MASS +42.5 -107,MASS,PSU,-107,107,100,lost,2023-10-14,
426,2023-10-14,Football,NCAAF,ORE @ WASH,total,ORE @ WASH: o67 -109,ORE,WASH,-109,109,100,won,2023-10-14,
427,2023-10-14,Football,NCAAF,TA&M @ TENN,total,TA&M @ TENN: u55 -108,TA&M,TENN,-108,108,100,won,2023-10-14,
428,2023-10-14,Football,NCAAF,ORE @ WASH,spread,WASH -3 -120,WASH,ORE,-120,360,300,push,2023-10-14,
429,2023-10-14,Football,NCAAF,ARI @ WSU,total,ARI @ WSU: o58 -112,ARI,WSU,-112,112,100,lost,2023-10-14,
430,2023-10-14,Football,NCAAF,AUB @ LSU,spread,LSU -11 -110,LSU,AUB,-110,110,100,won,2023-10-14,
431,2023-10-14,Football,NCAAF,MIZ @ UK,spread,MIZ +2.5 -105,MIZ,UK,-105,105,100,won,2023-10-14,
432,2023-10-14,Football,NCAAF,MIA @ UNC,spread,UNC -3 -113,UNC,MIA,-113,113,100,won,2023-10-14,
433,2023-10-14,Football,NCAAF,UCLA @ ORST,total,UCLA @ ORST: o54 -110,UCLA,ORST,-110,110,100,won,2023-10-14,
434,2023-10-14,Football,NCAAF,BOISE @ CSU,spread,BOISE -7.5 -111,BOISE,CSU,-111,111,100,lost,2023-10-14,
435,2023-10-14,Football,NCAAF,SDSU @ HAW,spread,(Live) SDSU -6 -110,SDSU,HAW,-110,110,100,won,2023-10-14,
436,2023-10-15,Football,NFL,BAL @ TEN,spread,BAL -4 -110,BAL,TEN,-110,110,100,won,2023-10-15,
437,2023-10-15,Football,NFL,NO @ HOU,spread,HOU +1.5 -110,HOU,NO,-110,110,100,won,2023-10-15,
438,2023-10-15,Football,NFL,SEA @ CIN,moneyline,SEA +125,SEA,CIN,125,50,62.5,lost,2023-10-15,
439,2023-10-15,Football,NFL,IND @ JAC,spread,IND +4 -111,IND,JAC,-111,56,50.45,lost,2023-10-15,
440,2023-10-15,Football,NFL,IND @ JAC,moneyline,IND +165,IND,JAC,165,50,82.5,lost,2023-10-15,
441,2023-10-15,Football,NFL,SEA @ CIN,spread,SEA +3 -120,SEA,CIN,-120,60,50,lost,2023-10-15,
442,2023-10-15,Football,NFL,MIN @ CHI,spread,MIN -2.5 -115,MIN,CHI,-115,115,100,won,2023-10-15,
443,2023-10-15,Football,NFL,DET @ TB,total,DET @ TB: u42.5 -110,DET,TB,-110,110,100,won,2023-10-15,
444,2023-10-17,Hockey,NHL,COL @ SEA,moneyline,SEA +133,SEA,COL,133,75,99.75,lost,2023-10-17,
445,2023-10-19,Football,NFL,JAC @ NO,total,(Live) JAC @ NO: u45.5 -123,JAC,NO,-123,123,100,lost,2023-10-19,Live bet
446,2023-10-21,Football,NCAAF,UCF @ OU,spread,UCF +19 -111,UCF,OU,-111,111,100,won,2023-10-21,
447,2023-10-21,Football,NCAAF,MSST @ ARK,spread,ARK -6.5 -110,ARK,MSST,-110,110,100,lost,2023-10-21,
448,2023-10-21,Football,NCAAF,TENN @ BAMA,spread,(Live) BAMA -3.5 -113,BAMA,TENN,-113,113,100,won,2023-10-21,Live bet
449,2023-10-21,Football,NCAAF,WSU @ ORE,moneyline,(1H) ORE -114,ORE,WSU,-114,228,200,won,2023-10-21,1st half
450,2023-10-21,Football,NCAAF,WSU @ ORE,spread,(1H) ORE -4.5 -105,ORE,WSU,-105,105,100,lost,2023-10-21,1st half
451,2023-10-21,Football,NCAAF,MINN @ IOWA,spread,MINN +3.5 -111,MINN,IOWA,-111,111,100,won,2023-10-21,
452,2023-10-21,Football,NCAAF,WSU @ ORE,total,WSU @ ORE: o60 -110,WSU,ORE,-110,110,100,won,2023-10-21,
453,2023-10-21,Football,NCAAF,NEV @ SDSU,spread,NEV +13.5 -109,NEV,SDSU,-109,109,100,won,2023-10-21,
454,2023-10-21,Football,NCAAF,ASU @ WASH,spread,ASU +28 -110,ASU,WASH,-110,110,100,won,2023-10-21,
455,2023-10-21,Football,NCAAF,ASU @ WASH,total,(1H) ASU o7 +102,ASU,WASH,102,100,102,push,2023-10-21,1st half
456,2023-10-22,Football,NFL,BUF @ NE,total,BUF o24.5 +100,BUF,NE,-100,100,100,won,2023-10-22,
457,2023-10-22,Football,NFL,ATL @ TB,spread,(1H) TB -1 -110,TB,ATL,-110,110,100,lost,2023-10-22,1st half
458,2023-10-22,Football,NFL,CLE @ IND,spread,CLE -2 -110,CLE,IND,-110,110,100,lost,2023-10-22,
459,2023-10-22,Football,NFL,CLE @ IND,total,(Live) CLE @ IND: u54.5 -125,CLE,IND,-125,250,200,lost,2023-10-22,Live bet
460,2023-10-22,Football,NFL,BUF @ NE,spread,BUF -13.5 +175,BUF,NE,175,100,175,lost,2023-10-22,
461,2023-10-22,Football,NFL,CLE @ IND,total,CLE @ IND: u40 -110,CLE,IND,-110,110,100,lost,2023-10-22,
462,2023-10-25,Basketball,NBA,DET @ MIA,moneyline,DET +342,DET,MIA,342,30,102.6,lost,2023-10-25,
463,2023-10-25,Basketball,NBA,DET @ MIA,spread,DET +9.5 -110,DET,MIA,-110,110,100,won,2023-10-25,
464,2023-10-28,Football,NCAAF,OU @ KU,spread,(Live) OU -3.5 -123,OU,KU,-123,123,100,lost,2023-10-28,Live bet
465,2023-10-28,Football,NCAAF,CLEM @ NCST,spread,(Live) CLEM -7.5 -113,CLEM,NCST,-113,113,100,lost,2023-10-28,Live bet
466,2023-10-28,Football,NCAAF,WYO @ BOISE,spread,BOISE -4.5 -110,BOISE,WYO,-110,110,100,won,2023-10-28,
467,2023-10-28,Football,NCAAF,TROY @ TXST,total,TROY @ TXST: o53 -111,TROY,TXST,-111,111,100,lost,2023-10-28,
468,2023-10-28,Football,NCAAF,WASH @ STAN,total,(1H) WASH @ STAN: o32.5 -110,WASH,STAN,-110,110,100,won,2023-10-28,1st half
469,2023-10-28,Football,NCAAF,WASH @ STAN,total,WASH o41.5 -115,WASH,STAN,-115,173,150.44,won,2023-10-28,
470,2023-10-28,Football,NCAAF,AFA @ CSU,spread,CSU +14.5 -110,CSU,AFA,-110,110,100,lost,2023-10-28,
471,2023-10-28,Football,NCAAF,TENN @ UK,spread,UK +4 -108,UK,TENN,-108,108,100,lost,2023-10-28,
472,2023-10-28,Football,NCAAF,WASH @ STAN,spread,(1H) WASH -15.5 -110,WASH,STAN,-110,275,250,lost,2023-10-28,1st half
473,2023-10-28,Football,NCAAF,OSU @ WIS,spread,WIS +14.5 -110,WIS,OSU,-110,110,100,won,2023-10-28,
474,2023-10-28,Football,NCAAF,CIN @ OKST,spread,CIN +7.5 -110,CIN,OKST,-110,110,100,lost,2023-10-28,
475,2023-10-28,Football,NCAAF,UNC @ GT,spread,GT +11.5 -109,GT,UNC,-109,109,100,won,2023-10-28,
476,2023-10-28,Football,NCAAF,WSU @ ASU,spread,ASU +4.5 -108,ASU,WSU,-108,108,100,won,2023-10-28,
477,2023-10-28,Football,NCAAF,UNM @ NEV,total,UNM @ NEV: u49.5 -109,UNM,NEV,-109,109,100,lost,2023-10-28,
478,2023-10-28,Football,NCAAF,UNM @ NEV,moneyline,UNM -109,UNM,NEV,-109,109,100,lost,2023-10-28,
479,2023-10-28,Football,NCAAF,ORST @ ARI,spread,ORST -3 -117,ORST,ARI,-117,117,100,lost,2023-10-28,
480,2023-10-28,Football,NCAAF,UNLV @ FRES,spread,FRES -9 -109,FRES,UNLV,-109,109,100,lost,2023-10-28,
481,2023-10-28,Football,NCAAF,SJSU @ HAW,total,SJSU @ HAW: o58 -107,SJSU,HAW,-107,107,100,lost,2023-10-28,
482,2023-10-29,Football,NFL,ATL @ TEN,spread,TEN +2.5 -105,TEN,ATL,-105,105,100,won,2023-10-29,
483,2023-10-29,Football,NFL,HOU @ CAR,spread,HOU -3 -109,HOU,CAR,-109,109,100,lost,2023-10-29,
484,2023-10-29,Football,NFL,CLE @ SEA,spread,SEA -2.5 -110,SEA,CLE,-110,110,100,won,2023-10-29,
485,2023-11-02,Football,NCAAF,TCU @ TTU,spread,TCU +3 -110,TCU,TTU,-110,110,100,lost,2023-11-02,
486,2023-11-04,Football,NCAAF,JVST @ SC,spread,SC -15.5 -111,SC,JVST,-111,111,100,lost,2023-11-04,
487,2023-11-04,Football,NCAAF,HOU @ BAY,total,HOU @ BAY: u58 -109,HOU,BAY,-109,109,100,won,2023-11-04,
488,2023-11-04,Football,NCAAF,PSU @ UMD,total,PSU @ UMD: o51 -110,PSU,UMD,-110,110,100,won,2023-11-04,
489,2023-11-04,Football,NCAAF,UNLV @ UNM,spread,UNM +10 -111,UNM,UNLV,-111,111,100,lost,2023-11-04,
490,2023-11-04,Football,NCAAF,WASH @ USC,spread,WASH -3 -107,WASH,USC,-107,268,250.47,won,2023-11-04,
491,2023-11-04,Football,NCAAF,WASH @ USC,moneyline,WASH +100,WASH,USC,-100,700,700,won,2023-11-04,
492,2023-11-04,Football,NCAAF,MIA @ NCST,spread,NCST +5.5 -111,NCST,MIA,-111,111,100,won,2023-11-04,
493,2023-11-05,Football,NFL,MIA @ KC,spread,KC -2.5 -110,KC,MIA,-110,110,100,won,2023-11-05,
494,2023-11-05,Football,NFL,TB @ HOU,spread,HOU -2.5 -120,HOU,TB,-120,120,100,lost,2023-11-05,
495,2023-11-11,Football,NCAAF,TTU @ KU,spread,TTU +4.5 -110,TTU,KU,-110,110,100,won,2023-11-11,
496,2023-11-11,Football,NCAAF,ARI @ COLO,spread,ARI -9.5 -110,ARI,COLO,-110,110,100,lost,2023-11-11,
497,2023-11-11,Football,NCAAF,UTAH @ WASH,spread,(Live) WASH -3.5 -103,WASH,UTAH,-103,206,200,won,2023-11-11,
498,2023-11-11,Football,NCAAF,UTAH @ WASH,total,UTAH @ WASH: u53.5 -111,UTAH,WASH,-111,225,202.7,lost,2023-11-11,
499,2023-11-11,Football,NCAAF,UTAH @ WASH,spread,(2H) WASH -7 -107,WASH,UTAH,-107,214,200,won,2023-11-11,2nd half
500,2023-11-11,Football,NCAAF,USC @ ORE,total,USC @ ORE: u77 -110,USC,ORE,-110,220,200,won,2023-11-11,
501,2023-11-12,Football,NFL,CLE @ BAL,total,CLE @ BAL: u38 -110,CLE,BAL,-110,110,100,lost,2023-11-12,
502,2023-11-12,Football,NFL,NYJ @ LV,total,NYJ @ LV: u37 -120,NYJ,LV,-120,120,100,won,2023-11-12,
503,2023-11-13,Hockey,NHL,COL @ SEA,moneyline,SEA +126,SEA,COL,126,50,63,lost,2023-11-13,
504,2023-11-14,Basketball,NCAAB,MSU @ DUKE,spread,DUKE -4 -112,DUKE,MSU,-112,112,100,won,2023-11-14,
505,2023-11-18,Football,NCAAF,SMU @ MEM,spread,MEM +9 -112,MEM,SMU,-112,112,100,won,2023-11-18,
506,2023-11-18,Football,NCAAF,CC @ ARMY,spread,ARMY +3.5 -113,ARMY,CC,-113,113,100,won,2023-11-18,
507,2023-11-18,Football,NCAAF,LT @ JVST,spread,JVST -8.5 -111,JVST,LT,-111,111,100,won,2023-11-18,
508,2023-11-18,Football,NCAAF,LT @ JVST,total,LT @ JVST: o54.5 -110,LT,JVST,-110,110,100,won,2023-11-18,
509,2023-11-18,Football,NCAAF,UTAH @ ARI,spread,ARI PK -115,ARI,UTAH,-115,115,100,won,2023-11-18,
510,2023-11-18,Football,NCAAF,DUKE @ UVA,spread,DUKE -3.5 -110,DUKE,UVA,-110,110,100,lost,2023-11-18,
511,2023-11-18,Football,NCAAF,UGA @ TENN,total,UGA @ TENN: u59 -111,UGA,TENN,-111,111,100,won,2023-11-18,
512,2023-11-18,Football,NCAAF,UNC @ CLEM,spread,UNC +7 -110,UNC,CLEM,-110,110,100,lost,2023-11-18,
513,2023-11-18,Football,NCAAF,UNA @ FSU,total,(Live) UNA @ FSU: u58.5 -112,UNA,FSU,-112,112,100,lost,2023-11-18,
514,2023-11-18,Football,NCAAF,UNA @ FSU,spread,(Live) UNA +18.5 -120,UNA,FSU,-120,60,50,lost,2023-11-18,Live bet
515,2023-11-18,Football,NCAAF,CAL @ STAN,spread,STAN +7 -105,STAN,CAL,-105,105,100,lost,2023-11-18,
516,2023-11-18,Football,NCAAF,UK @ SC,spread,SC -2 -112,SC,UK,-112,112,100,won,2023-11-18,
517,2023-11-18,Football,NCAAF,FLA @ MIZ,spread,FLA +11 -109,FLA,MIZ,-109,109,100,won,2023-11-18,
518,2023-11-19,Football,NFL,SEA @ LA,moneyline,SEA +118,SEA,LA,118,100,118,lost,2023-11-19,
519,2023-11-20,Football,NFL,PHI @ KC,spread,KC -2.5 -115,KC,PHI,-115,115,100,lost,2023-11-20,
520,2023-11-22,Basketball,NCAAB,ARK @ STAN,spread,STAN +6.5 -110,STAN,ARK,-110,385,350,won,2023-11-22,
521,2023-11-23,Football,NFL,SF @ SEA,spread,SEA +18.5 +135,SEA,SF,135,100,135,won,2023-11-23,
522,2023-11-24,Football,NCAAF,MEM @ TEM,spread,TEM +13 -110,TEM,MEM,-110,110,100,lost,2023-11-24,
523,2023-11-24,Football,NCAAF,TOL @ CMU,spread,CMU +10 -111,CMU,TOL,-111,111,100,lost,2023-11-24,
524,2023-11-24,Football,NCAAF,TCU @ OU,spread,TCU +10 -109,TCU,OU,-109,109,100,lost,2023-11-24,
525,2023-11-24,Football,NCAAF,UTSA @ TULN,spread,UTSA +3 -110,UTSA,TULN,-110,110,100,lost,2023-11-24,
526,2023-11-24,Football,NCAAF,AFA @ BOISE,total,AFA @ BOISE: o44.5 -110,AFA,BOISE,-110,110,100,won,2023-11-24,
527,2023-11-24,Football,NCAAF,MIZ @ ARK,spread,MIZ -9 -110,MIZ,ARK,-110,110,100,won,2023-11-24,
528,2023-11-24,Football,NCAAF,TTU @ TEX,spread,TTU +14 -106,TTU,TEX,-106,106,100,lost,2023-11-24,
529,2023-11-24,Football,NCAAF,ORST @ ORE,spread,ORST +14 -120,ORST,ORE,-120,120,100,lost,2023-11-24,
530,2023-11-25,Football,NCAAF,M-OH @ BALL,spread,BALL +4 -112,BALL,M-OH,-112,112,100,won,2023-11-25,
531,2023-11-25,Football,NCAAF,OSU @ MICH,spread,OSU +3.5 -112,OSU,MICH,-112,112,100,lost,2023-11-25,
532,2023-11-25,Football,NCAAF,MTSU @ SHSU,spread,SHSU +3.5 -110,SHSU,MTSU,-110,110,100,won,2023-11-25,
533,2023-11-25,Football,NCAAF,SJSU @ UNLV,spread,UNLV -2.5 -113,UNLV,SJSU,-113,113,100,lost,2023-11-25,
534,2023-11-25,Football,NCAAF,ULM @ UL,spread,UL -12.5 -110,UL,ULM,-110,110,100,won,2023-11-25,
535,2023-11-25,Football,NCAAF,BAMA @ AUB,spread,AUB +14.5 -111,AUB,BAMA,-111,111,100,won,2023-11-25,
536,2023-11-25,Football,NCAAF,NW @ ILL,spread,ILL -6 -112,ILL,NW,-112,112,100,lost,2023-11-25,
537,2023-11-25,Football,NCAAF,JVST @ NMSU,spread,JVST -2.5 -110,JVST,NMSU,-110,110,100,lost,2023-11-25,
538,2023-11-25,Football,NCAAF,CLEM @ SC,spread,SC +7.5 -109,SC,CLEM,-109,109,100,lost,2023-11-25,
539,2023-11-25,Football,NCAAF,UNC @ NCST,spread,UNC -2.5 -116,UNC,NCST,-116,116,100,lost,2023-11-25,
540,2023-11-25,Football,NCAAF,CAL @ UCLA,spread,UCLA -9 -110,UCLA,CAL,-110,110,100,lost,2023-11-25,
541,2023-11-25,Football,NCAAF,FRES @ SDSU,spread,SDSU +5 -111,SDSU,FRES,-111,111,100,won,2023-11-25,
542,2023-11-26,Football,NFL,JAC @ HOU,moneyline,HOU +105,HOU,JAC,105,100,105,lost,2023-11-26,
543,2023-11-26,Football,NFL,PIT @ CIN,spread,PIT -1 -110,PIT,CIN,-110,110,100,won,2023-11-26,
544,2023-11-26,Football,NFL,NO @ ATL,moneyline,ATL -110,ATL,NO,-110,110,100,won,2023-11-26,
545,2023-11-26,Football,NFL,CLE @ DEN,moneyline,CLE +115,CLE,DEN,115,100,115,lost,2023-11-26,
546,2023-11-26,Football,NFL,KC @ LV,moneyline,(Live) KC -103,KC,LV,-103,103,100,won,2023-11-26,Live bet
547,2023-11-26,Football,NFL,BAL @ LAC,spread,BAL -3 -112,BAL,LAC,-112,112,100,won,2023-11-26,
548,2023-12-01,Football,NCAAF,ORE @ WASH,moneyline,WASH +170,WASH,ORE,170,128,217.6,won,2023-12-01,
549,2023-12-01,Football,NCAAF,ORE @ WASH,total,(2H) ORE @ WASH: o33.5 -115,ORE,WASH,-115,288,250.44,won,2023-12-01,2nd half
550,2023-12-01,Football,NCAAF,ORE @ WASH,spread,WASH +10 -120,WASH,ORE,-120,120,100,won,2023-12-01,
551,2023-12-02,Football,NCAAF,OKST @ TEX,total,TEX o34.5 -105,TEX,OKST,-105,105,100,won,2023-12-02,
552,2023-12-02,Football,NCAAF,LOU @ FSU,moneyline,LOU +102,LOU,FSU,102,98,99.96,lost,2023-12-02,
553,2023-12-03,Football,NFL,CLE @ LA,moneyline,(Live) CLE +200,CLE,LA,200,50,100,lost,2023-12-03,Live bet
554,2023-12-03,Football,NFL,SF @ PHI,spread,(Live) SF -17.5 +150,SF,PHI,150,67,100.5,won,2023-12-03,
555,2023-12-03,Football,NFL,SF @ PHI,spread,(Live) PHI +21.5 +115,PHI,SF,115,59,67.85,lost,2023-12-03,Live bet
556,2023-12-09,Football,NCAAF,ARMY @ NAVY,spread,ARMY -3 -110,ARMY,NAVY,-110,110,100,won,2023-12-09,
557,2023-12-10,Football,NFL,DET @ CHI,spread,DET -3 -101,DET,CHI,-101,101,100,lost,2023-12-10,
558,2023-12-10,Football,NFL,TB @ ATL,total,TB @ ATL: u41 -110,TB,ATL,-110,110,100,lost,2023-12-10,
559,2023-12-10,Football,NFL,CAR @ NO,spread,NO -5 -105,NO,CAR,-105,105,100,won,2023-12-10,
560,2023-12-10,Football,NFL,LA @ BAL,spread,(1H) BAL -4 -102,BAL,LA,-102,102,100,lost,2023-12-10,1st half
561,2023-12-10,Football,NFL,IND @ CIN,spread,CIN -2 -112,CIN,IND,-112,112,100,won,2023-12-10,
562,2023-12-10,Football,NFL,HOU @ NYJ,spread,HOU -3.5 -110,HOU,NYJ,-110,110,100,lost,2023-12-10,
563,2023-12-10,Football,NFL,DET @ CHI,moneyline,(Live) DET +120,DET,CHI,120,100,120,lost,2023-12-10,
564,2023-12-10,Football,NFL,SEA @ SF,spread,SEA +11 -110,SEA,SF,-110,110,100,lost,2023-12-10,
565,2023-12-10,Football,NFL,BUF @ KC,total,BUF @ KC: o49 -115,BUF,KC,-115,115,100,lost,2023-12-10,
566,2023-12-10,Football,NFL,PHI @ DAL,spread,(Live) DAL -6.5 +130,DAL,PHI,130,60,78,won,2023-12-10,
567,2023-12-12,Hockey,NHL,FLA @ SEA,moneyline,SEA +142,SEA,FLA,142,100,142,won,2023-12-12,
568,2023-12-16,Football,NCAAF,JVST @ UL,spread,JVST -2.5 -116,JVST,UL,-116,116,100,won,2023-12-16,
569,2023-12-16,Football,NCAAF,M-OH @ APP,spread,M-OH +6.5 -107,M-OH,APP,-107,107,100,won,2023-12-16,
570,2023-12-16,Football,NCAAF,NMSU @ FRES,spread,NMSU -3.5 -112,NMSU,FRES,-112,112,100,lost,2023-12-16,
571,2023-12-16,Football,NCAAF,UCLA @ BOISE,spread,UCLA -5.5 -110,UCLA,BOISE,-110,110,100,won,2023-12-16,
572,2023-12-16,Football,NCAAF,UCLA @ BOISE,total,UCLA @ BOISE: u48.5 -111,UCLA,BOISE,-111,111,100,lost,2023-12-16,
573,2023-12-16,Football,NFL,DEN @ DET,spread,DET -4.5 -112,DET,DEN,-112,112,100,won,2023-12-16,
574,2023-12-17,Basketball,NCAAB,WASH @ SEA,moneyline,(Live) WASH +136,WASH,SEA,136,100,136,won,2023-12-17,
575,2023-12-21,Football,NCAAF,USF @ SYR,total,USF @ SYR: u55.5 -114,USF,SYR,-114,114,100,won,2023-12-21,
576,2023-12-21,Basketball,NCAAB,EWU @ WASH,spread,EWU +15 -107,EWU,WASH,-107,535,500,won,2023-12-21,
577,2023-12-24,Football,NFL,NE @ DEN,moneyline,NE +275,NE,DEN,275,92,253,won,2023-12-24,
578,2023-12-25,Football,NFL,LV @ KC,moneyline,(Live) KC +148,KC,LV,148,100,148,lost,2023-12-25,
579,2023-12-25,Football,NFL,BAL @ SF,spread,BAL +6.5 -110,BAL,SF,-110,55,50,won,2023-12-25,
580,2023-12-25,Football,NFL,BAL @ SF,moneyline,BAL +252,BAL,SF,252,50,126,won,2023-12-25,
581,2023-12-26,Football,NCAAF,BGSU @ MINN,total,BGSU @ MINN: u43 -110,BGSU,MINN,-110,110,100,lost,2023-12-26,
582,2023-12-26,Football,NCAAF,TXST @ RICE,total,TXST @ RICE: o59.5 -110,TXST,RICE,-110,110,100,won,2023-12-26,
583,2023-12-26,Football,NCAAF,KU @ UNLV,spread,KU -11 -110,KU,UNLV,-110,110,100,won,2023-12-26,
584,2023-12-27,Football,NCAAF,VT @ TULN,total,VT @ TULN: u43.5 -112,VT,TULN,-112,112,100,lost,2023-12-27,
585,2023-12-27,Football,NCAAF,UNC @ WVU,spread,WVU -6.5 -110,WVU,UNC,-110,110,100,won,2023-12-27,
586,2023-12-27,Football,NCAAF,LOU @ USC,spread,USC +7 -112,USC,LOU,-112,112,100,won,2023-12-27,
587,2023-12-27,Football,NCAAF,TA&M @ OKST,spread,OKST -3 -112,OKST,TA&M,-112,112,100,won,2023-12-27,
588,2023-12-28,Football,NCAAF,SMU @ BC,total,SMU @ BC: u50 -109,SMU,BC,-109,109,100,won,2023-12-28,
589,2023-12-28,Football,NCAAF,NCST @ KSU,spread,(Live) NCST +9.5 -116,NCST,KSU,-116,116,100,won,2023-12-28,
590,2023-12-28,Football,NCAAF,NCST @ KSU,spread,NCST +2 -110,NCST,KSU,-110,110,100,lost,2023-12-28,
591,2023-12-28,Football,NCAAF,ARI @ OU,total,ARI @ OU: o59.5 -110,ARI,OU,-110,110,100,won,2023-12-28,
592,2023-12-29,Football,NCAAF,CLEM @ UK,moneyline,UK +165,UK,CLEM,165,100,165,lost,2023-12-29,
593,2023-12-29,Football,NCAAF,ORST @ ND,prop,,ORST/ND,,-125,125,100,won,2023-12-29,
594,2023-12-29,Football,NCAAF,MEM @ ISU,total,MEM @ ISU: o57.5 -110,MEM,ISU,-110,110,100,won,2023-12-29,
595,2023-12-29,Football,NCAAF,MIZ @ OSU,spread,MIZ +3.5 -110,MIZ,OSU,-110,110,100,won,2023-12-29,
596,2023-12-30,Football,NCAAF,MISS @ PSU,spread,(Live) MISS +9.5 -115,MISS,PSU,-115,115,100,won,2023-12-30,
597,2023-12-30,Football,NCAAF,UGA @ FSU,spread,FSU +21.5 -110,FSU,UGA,-110,110,100,lost,2023-12-30,
598,2023-12-30,Football,NCAAF,TOL @ WYO,spread,WYO -4.5 -110,WYO,TOL,-110,110,100,lost,2023-12-30,
599,2024-01-01,Football,NCAAF,WIS @ LSU,total,(1H) WIS @ LSU: u28.5 -110,WIS,LSU,-110,110,100,lost,2024-01-01,1st half
600,2024-01-01,Football,NCAAF,LIB @ ORE,spread,ORE -18 -110,ORE,LIB,-110,110,100,won,2024-01-01,
601,2024-01-01,Football,NCAAF,IOWA @ TENN,moneyline,(Live) IOWA +180,IOWA,TENN,180,100,180,lost,2024-01-01,
602,2024-01-01,Football,NCAAF,BAMA @ MICH,moneyline,BAMA +105,BAMA,MICH,105,100,105,lost,2024-01-01,
603,2024-01-01,Football,NCAAF,TEX @ WASH,spread,WASH +4.5 -111,WASH,TEX,-111,111,100,won,2024-01-01,
604,2024-01-01,Football,NCAAF,TEX @ WASH,moneyline,WASH +165,WASH,TEX,165,100,165,won,2024-01-01,
605,2024-01-01,Football,NCAAF,TEX @ WASH,total,TEX @ WASH: o64 -110,TEX,WASH,-110,110,100,won,2024-01-01,
606,2024-01-01,Football,NCAAF,TEX @ WASH,moneyline,WASH +160,WASH,TEX,160,150,240,won,2024-01-01,
607,2024-01-01,Football,NCAAF,TEX @ WASH,moneyline,WASH +150,WASH,TEX,150,500,750,won,2024-01-01,
608,2024-01-06,Basketball,NCAAB,MARQ @ HALL,spread,MARQ -5 -112,MARQ,HALL,-112,112,100,lost,2024-01-06,
609,2024-01-06,Basketball,NCAAB,UK @ FLA,spread,FLA -3.5 -110,FLA,UK,-110,110,100,lost,2024-01-06,
610,2024-01-06,Basketball,NCAAB,WRST @ PFW,total,WRST @ PFW: o162.5 -115,WRST,PFW,-115,115,100,won,2024-01-06,
611,2024-01-06,Basketball,NCAAB,TCU @ KU,spread,KU -8.5 -120,KU,TCU,-120,120,100,lost,2024-01-06,
612,2024-01-08,Football,NCAAF,WASH @ MICH,moneyline,WASH +165,WASH,MICH,165,500,825,lost,2024-01-08,
613,2024-01-13,Football,NFL,CLE @ HOU,total,CLE @ HOU: o45 -110,CLE,HOU,-110,110,100,won,2024-01-13,
614,2024-01-13,Football,NFL,CLE @ HOU,moneyline,HOU +116,HOU,CLE,116,100,116,won,2024-01-13,
615,2024-01-13,Football,NFL,MIA @ KC,spread,MIA +5 -110,MIA,KC,-110,110,100,lost,2024-01-13,
616,2024-01-13,Football,NFL,MIA @ KC,total,MIA @ KC: u43 -107,MIA,KC,-107,107,100,won,2024-01-13,
617,2024-01-16,Basketball,NCAAB,WMU @ AKR,total,WMU @ AKR: o148 -110,WMU,AKR,-110,110,100,lost,2024-01-16,
618,2024-01-16,Basketball,NCAAB,TXAM @ ARK,spread,ARK +3 -110,ARK,TXAM,-110,110,100,won,2024-01-16,
619,2024-01-16,Basketball,NCAAB,TXAM @ ARK,moneyline,ARK +125,ARK,TXAM,125,50,62.5,won,2024-01-16,
620,2024-01-16,Basketball,NCAAB,USU @ UNM,spread,UNM -6 -108,UNM,USU,-108,108,100,won,2024-01-16,
621,2024-01-17,Basketball,NCAAB,TULN @ UAB,spread,UAB -2 -108,UAB,TULN,-108,108,100,won,2024-01-17,
622,2024-01-17,Basketball,NCAAB,MD @ NW,spread,(1H) NW -2.5 -110,NW,MD,-110,110,100,won,2024-01-17,1st half
623,2024-01-17,Basketball,NCAAB,TTU @ HOU,spread,HOU -13 -107,HOU,TTU,-107,107,100,won,2024-01-17,
624,2024-01-17,Basketball,NCAAB,MD @ NW,spread,NW -4.5 -108,NW,MD,-108,108,100,lost,2024-01-17,
625,2024-01-18,Basketball,NCAAB,CCAR @ GASO,spread,GASO -3 -111,GASO,CCAR,-111,111,100,push,2024-01-18,
626,2024-01-18,Basketball,NCAAB,UNCW @ ELON,spread,UNCW -7.5 -110,UNCW,ELON,-110,110,100,won,2024-01-18,
627,2024-01-18,Basketball,NCAAB,ME @ UMBC,spread,ME -3 -113,ME,UMBC,-113,113,100,lost,2024-01-18,
628,2024-01-18,Basketball,NCAAB,USF @ MEM,spread,USF +10 -107,USF,MEM,-107,107,100,won,2024-01-18,
629,2024-01-18,Basketball,NCAAB,ILL @ MICH,total,ILL @ MICH: u152.5 -115,ILL,MICH,-115,115,100,lost,2024-01-18,
630,2024-01-18,Basketball,NCAAB,EWU @ WEB,spread,WEB -5 -105,WEB,EWU,-105,105,100,lost,2024-01-18,
631,2024-01-18,Basketball,NCAAB,WASH @ CAL,spread,CAL -2 -112,CAL,WASH,-112,112,100,lost,2024-01-18,
632,2024-01-18,Basketball,NCAAB,GONZ @ PEPP,spread,GONZ -12.5 -110,GONZ,PEPP,-110,110,100,won,2024-01-18,
633,2024-01-19,Basketball,NCAAB,GTWN @ XAV,spread,GTWN +12.5 -110,GTWN,XAV,-110,110,100,won,2024-01-19,
634,2024-01-19,Basketball,NCAAB,GTWN @ XAV,spread,XAV -12 -109,XAV,GTWN,-109,109,100,lost,2024-01-19,
635,2024-01-19,Basketball,NCAAB,AKR @ KENT,moneyline,AKR +100,AKR,KENT,100,100,100,won,2024-01-19,
636,2024-01-19,Basketball,NCAAB,MRST @ MSM,spread,MSM -3.5 -113,MSM,MRST,-113,113,100,won,2024-01-19,
637,2024-01-19,Basketball,NCAAB,IND @ WIS,spread,WIS -13 -106,WIS,IND,-106,106,100,lost,2024-01-19,
638,2024-01-20,Basketball,NCAAB,YALE @ DART,total,YALE @ DART: o133.5 -111,YALE,DART,-111,111,100,lost,2024-01-20,
639,2024-01-20,Basketball,NCAAB,MASSL @ BING,spread,MASSL -6.5 -112,MASSL,BING,-112,112,100,won,2024-01-20,
640,2024-01-20,Basketball,NCAAB,TLSA @ SMU,total,TLSA @ SMU: u146 -113,TLSA,SMU,-113,113,100,lost,2024-01-20,
641,2024-01-20,Basketball,NCAAB,CLEM @ FSU,spread,CLEM -2 -107,CLEM,FSU,-107,107,100,won,2024-01-20,
642,2024-01-20,Basketball,NCAAB,NORF @ HOW,moneyline,NORF +123,NORF,HOW,123,100,123,won,2024-01-20,
643,2024-01-20,Football,NFL,HOU @ BAL,spread,(1H) BAL -6.5 -120,BAL,HOU,-120,120,100,lost,2024-01-20,1st half
644,2024-01-20,Basketball,NCAAB,LT @ JVST,spread,LT -3.5 -110,LT,JVST,-110,110,100,won,2024-01-20,
645,2024-01-20,Basketball,NCAAB,MER @ SAM,spread,MER +13 -108,MER,SAM,-108,108,100,won,2024-01-20,
646,2024-01-20,Basketball,NCAAB,COFC @ UNCW,spread,UNCW -2.5 -112,UNCW,COFC,-112,112,100,won,2024-01-20,
647,2024-01-20,Basketball,NCAAB,OKST @ KSU,spread,OKST +9 -108,OKST,KSU,-108,108,100,won,2024-01-20,
648,2024-01-20,Basketball,NCAAB,CONN @ VILL,spread,CONN -4 -108,CONN,VILL,-108,108,100,lost,2024-01-20,
649,2024-01-20,Football,NFL,GB @ SF,spread,(1H) SF -2.5 -123,SF,GB,-123,246,200,lost,2024-01-20,1st half
650,2024-01-20,Basketball,NCAAB,WKU @ UTEP,spread,UTEP -1.5 -112,UTEP,WKU,-112,112,100,won,2024-01-20,
651,2024-01-20,Basketball,NCAAB,GONZ @ USD,spread,USD +18.5 -109,USD,GONZ,-109,109,100,lost,2024-01-20,
652,2024-01-20,Basketball,NCAAB,SMC @ SF,spread,SF PK -110,SF,SMC,-110,110,100,lost,2024-01-20,
653,2024-01-20,Basketball,NCAAB,GC @ SEA,spread,SEA +5.5 -111,SEA,GC,-111,111,100,won,2024-01-20,
654,2024-01-22,Basketball,NCAAB,WAKE @ UNC,spread,WAKE +7.5 -109,WAKE,UNC,-109,109,100,lost,2024-01-22,
655,2024-01-22,Basketball,NCAAB,WAKE @ UNC,spread,(Live) WAKE +13.5 -103,WAKE,UNC,-103,103,100,lost,2024-01-22,
656,2024-01-22,Basketball,NCAAB,WAKE @ UNC,spread,WAKE +7.5 -109,WAKE,UNC,-109,109,100,lost,2024-01-22,
657,2024-01-22,Basketball,NCAAB,CIN @ KU,spread,KU -8 -105,KU,CIN,-105,105,100,lost,2024-01-22,
658,2024-01-23,Basketball,NCAAB,BUT @ GTWN,spread,BUT -3 -110,BUT,GTWN,-110,110,100,won,2024-01-23,
659,2024-01-23,Basketball,NCAAB,TCU @ OKST,spread,OKST +4.5 -113,OKST,TCU,-113,113,100,lost,2024-01-23,
660,2024-01-24,Basketball,NCAAB,USF @ TEM,spread,TEM +1.5 -109,TEM,USF,-109,109,100,lost,2024-01-24,
661,2024-01-24,Basketball,NCAAB,MIA @ ND,spread,ND +5.5 -113,ND,MIA,-113,113,100,lost,2024-01-24,
662,2024-01-24,Basketball,NCAAB,SAM @ FUR,spread,FUR -2.5 -111,FUR,SAM,-111,111,100,won,2024-01-24,
663,2024-01-24,Basketball,NCAAB,MD @ IOWA,spread,IOWA -5.5 -110,IOWA,MD,-110,110,100,lost,2024-01-24,
664,2024-01-24,Basketball,NCAAB,NCST @ UVA,spread,UVA -6 -107,UVA,NCST,-107,107,100,push,2024-01-24,
665,2024-01-24,Basketball,NCAAB,MSST @ FLA,spread,FLA -4 -109,FLA,MSST,-109,109,100,won,2024-01-24,
666,2024-01-24,Basketball,NCAAB,ILL @ NW,spread,NW +3 -110,NW,ILL,-110,110,100,won,2024-01-24,
667,2024-01-24,Basketball,NCAAB,ILL @ NW,moneyline,NW +130,NW,ILL,130,100,130,won,2024-01-24,
668,2024-01-24,Basketball,NCAAB,MARQ @ DEP,spread,MARQ -17.5 -110,MARQ,DEP,-110,110,100,lost,2024-01-24,
669,2024-01-25,Basketball,NCAAB,UVM @ MASSL,spread,MASSL -1.5 -111,MASSL,UVM,-111,111,100,lost,2024-01-25,
670,2024-01-25,Basketball,NCAAB,PFW @ NKU,spread,NKU -4 -108,NKU,PFW,-108,108,100,lost,2024-01-25,
671,2024-01-25,Basketball,NCAAB,SMU @ UNT,spread,UNT +1 -112,UNT,SMU,-112,112,100,won,2024-01-25,
672,2024-01-25,Basketball,NCAAB,BING @ UNH,spread,UNH -7.5 -110,UNH,BING,-110,110,100,lost,2024-01-25,
673,2024-01-25,Basketball,NCAAB,GC @ SFA,spread,SFA +1.5 -112,SFA,GC,-112,112,100,lost,2024-01-25,
674,2024-01-25,Basketball,NCAAB,UNCO @ EWU,spread,EWU -7 -114,EWU,UNCO,-114,114,100,lost,2024-01-25,
675,2024-01-25,Basketball,NCAAB,UCI @ LBSU,spread,LBSU +3 -110,LBSU,UCI,-110,110,100,lost,2024-01-25,
676,2024-01-25,Basketball,NCAAB,PEPP @ SCU,spread,SCU -9.5 -108,SCU,PEPP,-108,108,100,won,2024-01-25,
677,2024-01-26,Basketball,NCAAB,OHIO @ KENT,spread,KENT -3 -105,KENT,OHIO,-105,105,100,lost,2024-01-26,
678,2024-01-27,Basketball,NCAAB,BC @ ND,spread,ND +2.5 -109,ND,BC,-109,109,100,lost,2024-01-27,
679,2024-01-27,Basketball,NCAAB,NEB @ MD,spread,MD -5.5 -112,MD,NEB,-112,112,100,won,2024-01-27,
680,2024-01-27,Basketball,NCAAB,MIZZ @ SCAR,spread,MIZZ +6.5 -108,MIZZ,SCAR,-108,108,100,lost,2024-01-27,
681,2024-01-27,Basketball,NCAAB,BGSU @ TOL,spread,BGSU +6.5 -113,BGSU,TOL,-113,113,100,lost,2024-01-27,
682,2024-01-27,Basketball,NCAAB,UNC @ FSU,spread,FSU +6 -106,FSU,UNC,-106,106,100,lost,2024-01-27,
683,2024-01-27,Basketball,NCAAB,PITT @ MIA,spread,MIA -4 -105,MIA,PITT,-105,105,100,push,2024-01-27,
684,2024-01-27,Basketball,NCAAB,USU @ BSU,spread,USU +2.5 -110,USU,BSU,-110,110,100,won,2024-01-27,
685,2024-01-27,Basketball,NCAAB,ARIZ @ ORE,spread,ORE +4 -110,ORE,ARIZ,-110,110,100,lost,2024-01-27,
686,2024-01-27,Basketball,NCAAB,DAY @ RICH,spread,RICH +3.5 -111,RICH,DAY,-111,111,100,won,2024-01-27,
687,2024-01-27,Basketball,NCAAB,LSU @ ALA,total,LSU @ ALA: o164 -107,LSU,ALA,-107,107,100,won,2024-01-27,
688,2024-01-27,Basketball,NCAAB,VCU @ DAV,spread,DAV +1.5 -113,DAV,VCU,-113,113,100,lost,2024-01-27,
689,2024-01-27,Basketball,NCAAB,LSU @ ALA,spread,LSU +13 -113,LSU,ALA,-113,113,100,lost,2024-01-27,
690,2024-01-27,Basketball,NCAAB,OSU @ NW,spread,OSU +2.5 -106,OSU,NW,-106,106,100,lost,2024-01-27,
691,2024-01-27,Basketball,NCAAB,UNLV @ SJSU,spread,UNLV -3.5 -110,UNLV,SJSU,-110,110,100,won,2024-01-27,
692,2024-01-27,Basketball,NCAAB,CSN @ UCI,spread,UCI -13 -112,UCI,CSN,-112,112,100,lost,2024-01-27,
693,2024-01-27,Basketball,NCAAB,UTAH @ WASH,spread,WASH PK -110,WASH,UTAH,-110,110,100,won,2024-01-27,
694,2024-01-27,Basketball,NCAAB,LMU @ SMC,spread,SMC -16.5 -110,SMC,LMU,-110,110,100,lost,2024-01-27,
695,2024-01-28,Basketball,NCAAB,PUR @ RUTG,spread,PUR -10 -110,PUR,RUTG,-110,110,100,lost,2024-01-28,
696,2024-01-28,Basketball,NCAAB,SMU @ WICH,spread,WICH +5.5 -110,WICH,SMU,-110,110,100,won,2024-01-28,
697,2024-01-28,Basketball,NCAAB,SMU @ WICH,moneyline,WICH +187,WICH,SMU,187,100,187,won,2024-01-28,
698,2024-01-28,Basketball,NCAAB,MEM @ UAB,spread,MEM -4 -110,MEM,UAB,-110,110,100,lost,2024-01-28,
699,2024-02-03,Basketball,NCAAB,HOU @ KU,spread,(Live) KU +1 -105,KU,HOU,-105,420,400,won,2024-02-03,
700,2024-03-20,Basketball,NCAAB,COLO @ BSU,spread,COLO -4 -112,COLO,BSU,-112,112,100,won,2024-03-20,
701,2024-03-22,Basketball,NCAAB,JMU @ WIS,spread,WIS -5.5 -110,WIS,JMU,-110,110,100,lost,2024-03-22,
702,2024-03-23,Basketball,NCAAB,MSU @ UNC,spread,(2H) MSU -0.5 -112,MSU,UNC,-112,56,50,lost,2024-03-23,2nd half
703,2024-03-23,Basketball,NCAAB,MSU @ UNC,spread,UNC -4 -112,UNC,MSU,-112,112,100,won,2024-03-23,
704,2024-03-23,Basketball,NCAAB,MSU @ UNC,total,MSU @ UNC: u143.5 -110,MSU,UNC,-110,110,100,lost,2024-03-23,
705,2024-03-23,Basketball,NCAAB,OAK @ NCST,spread,NCST -6.5 -110,NCST,OAK,-110,110,100,lost,2024-03-23,
706,2024-03-23,Basketball,NCAAB,TEX @ TENN,total,TEX @ TENN: u145.5 -112,TEX,TENN,-112,112,100,won,2024-03-23,
707,2024-03-23,Basketball,NCAAB,DUQ @ ILL,spread,DUQ +10 -105,DUQ,ILL,-105,105,100,lost,2024-03-23,
708,2024-03-23,Basketball,NCAAB,ORE @ CREI,spread,CREI -4.5 -108,CREI,ORE,-108,108,100,won,2024-03-23,
709,2024-03-28,Basketball,NCAAB,ALA @ UNC,spread,UNC -4.5 -110,UNC,ALA,-110,220,200,lost,2024-03-28,
710,2024-08-31,Football,NCAAF,MIA @ FLA,spread,(Live) FLA +13.5 -109,FLA,MIA,-109,109,100,lost,2024-08-31,
711,2024-09-02,Football,NCAAF,BC @ FSU,spread,(Live) FSU -16.5 -110,FSU,BC,-110,83,75.46,lost,2024-09-02,
712,2024-09-06,Football,NFL,GB @ PHI,total,(Live) GB @ PHI: u73.5 -110,GB,PHI,-110,55,50,won,2024-09-06,
713,2024-09-07,Football,NCAAF,NIU @ ND,spread,(Live) ND -6.5 -105,ND,NIU,-105,105,100,lost,2024-09-07,
714,2024-09-07,Football,NCAAF,COLO @ NEB,spread,NEB -6.5 -114,NEB,COLO,-114,228,200,won,2024-09-07,
715,2024-09-07,Football,NCAAF,BOISE @ ORE,spread,(Live) ORE -7.5 -104,ORE,BOISE,-104,200,192.31,lost,2024-09-07,
716,2024-09-07,Football,NCAAF,BOISE @ ORE,spread,ORE -18.5 -110,ORE,BOISE,-110,150,136.36,lost,2024-09-07,
717,2024-09-08,Football,NFL,DEN @ SEA,spread,(Live) SEA -2.5 -110,SEA,DEN,-110,275,250,won,2024-09-08,
718,2024-09-08,Football,NFL,DEN @ SEA,spread,(2H) SEA -3 -120,SEA,DEN,-120,100,83.33,won,2024-09-08,2nd half
719,2024-09-08,Football,NFL,LA @ DET,moneyline,(Live) LA +145,LA,DET,145,113,163.85,lost,2024-09-08,
720,2024-09-14,Football,NCAAF,WSU @ WASH,total,(Live) WSU @ WASH: o61.5 -110,WSU,WASH,-110,110,100,lost,2024-09-14,
721,2024-09-14,Football,NCAAF,WSU @ WASH,total,(Live) WSU @ WASH: o55.5 -120,WSU,WASH,-120,200,166.67,lost,2024-09-14,
722,2024-09-14,Football,NCAAF,UGA @ UK,spread,(1H) UK +13 -110,UK,UGA,-110,400,363.64,won,2024-09-14,1st half
723,2024-09-14,Football,NCAAF,TOL @ MSST,spread,(1H) MSST -6.5 -115,MSST,TOL,-115,400,347.83,lost,2024-09-14,1st half
724,2024-09-14,Football,NCAAF,UCF @ TCU,spread,(Live) UCF +10.5 -123,UCF,TCU,-123,400,325.2,won,2024-09-14,
725,2024-09-15,Football,NFL,SF @ MIN,spread,SF -5 -110,SF,MIN,-110,110,100,lost,2024-09-15,
726,2024-09-15,Football,NFL,CLE @ JAC,spread,CLE +3 -110,CLE,JAC,-110,110,100,won,2024-09-15,
727,2024-09-16,Football,NFL,ATL @ PHI,moneyline,(Live) PHI -181,PHI,ATL,-181,200,110.5,lost,2024-09-16,
728,2024-09-19,Football,NFL,NE @ NYJ,prop,,NE/NYJ,,-120,120,100,won,2024-09-19,
729,2024-09-21,Football,NCAAF,USM @ JVST,total,USM @ JVST: u60 -110,USM,JVST,-110,110,100,won,2024-09-21,
730,2024-09-21,Football,NCAAF,ASU @ TTU,spread,TTU -3 -110,TTU,ASU,-110,110,100,won,2024-09-21,
731,2024-09-21,Football,NCAAF,BUFF @ NIU,spread,BUFF +14 -115,BUFF,NIU,-115,115,100,won,2024-09-21,
732,2024-09-21,Football,NCAAF,CAL @ FSU,spread,FSU -2.5 -110,FSU,CAL,-110,110,100,won,2024-09-21,
733,2024-09-21,Football,NCAAF,TENN @ OU,spread,OU +7 -105,OU,TENN,-105,150,142.86,lost,2024-09-21,
734,2024-09-22,Football,NFL,PHI @ NO,spread,PHI +3 -120,PHI,NO,-120,120,100,won,2024-09-22,
735,2024-09-22,Football,NFL,LAC @ PIT,moneyline,LAC +124,LAC,PIT,124,100,124,lost,2024-09-22,
736,2024-09-22,Football,NFL,HOU @ MIN,spread,HOU -1.5 -110,HOU,MIN,-110,110,100,lost,2024-09-22,
737,2024-09-22,Football,NFL,HOU @ MIN,spread,(2H) HOU -3.5 -110,HOU,MIN,-110,110,100,lost,2024-09-22,2nd half
738,2024-09-22,Football,NFL,KC @ ATL,moneyline,(Live) KC -114,KC,ATL,-114,228,200,won,2024-09-22,
739,2024-09-23,Baseball,MLB,SEA @ HOU,total,(Live) SEA @ HOU: u5.5 -117,SEA,HOU,-117,121,103.42,lost,2024-09-23,
740,2024-09-23,Baseball,MLB,SEA @ HOU,total,(Live) SEA @ HOU: u3.5 +102,SEA,HOU,102,50,51,lost,2024-09-23,
741,2024-09-23,Baseball,MLB,SEA @ HOU,total,(Live) SEA @ HOU: u4.5 -136,SEA,HOU,-136,68,50,lost,2024-09-23,
742,2024-09-23,Football,NFL,WAS @ CIN,total,WAS @ CIN: o46 -110,WAS,CIN,-110,110,100,won,2024-09-23,
743,2024-09-27,Football,NCAAF,WASH @ RUT,total,(2H) WASH @ RUT: o22.5 -110,WASH,RUT,-110,165,150,lost,2024-09-27,2nd half
744,2024-09-27,Football,NCAAF,WASH @ RUT,total,WASH @ RUT: o44.5 -110,WASH,RUT,-110,110,100,lost,2024-09-27,
745,2024-09-27,Football,NCAAF,WASH @ RUT,spread,(2H) WASH -3 -110,WASH,RUT,-110,220,200,won,2024-09-27,2nd half
746,2024-09-28,Football,NCAAF,BYU @ BAY,spread,BAY -3 -110,BAY,BYU,-110,110,100,lost,2024-09-28,
747,2024-09-28,Football,NCAAF,UK @ MISS,spread,UK +17.5 -110,UK,MISS,-110,110,100,won,2024-09-28,
748,2024-09-28,Football,NCAAF,WMU @ MRSH,spread,WMU +4 -110,WMU,MRSH,-110,110,100,lost,2024-09-28,
749,2024-09-28,Football,NCAAF,EMU @ KENT,spread,KENT +14 -110,KENT,EMU,-110,110,100,lost,2024-09-28,
750,2024-09-28,Football,NCAAF,FRES @ UNLV,spread,FRES +3.5 -110,FRES,UNLV,-110,165,150,lost,2024-09-28,
751,2024-09-28,Football,NCAAF,UNC @ DUKE,spread,UNC +2.5 -110,UNC,DUKE,-110,110,100,won,2024-09-28,
752,2024-09-28,Football,NCAAF,UGA @ BAMA,spread,(Live) UGA +24.5 -124,UGA,BAMA,-124,1240,1000,won,2024-09-28,
753,2024-09-28,Football,NCAAF,UGA @ BAMA,spread,(Live) UGA +17.5 -119,UGA,BAMA,-119,1190,1000,won,2024-09-28,
754,2024-09-28,Football,NCAAF,UGA @ BAMA,spread,(Live) UGA +9.5 -116,UGA,BAMA,-116,580,500,won,2024-09-28,
755,2024-09-28,Football,NCAAF,UGA @ BAMA,spread,(Live) UGA +3.5 -112,UGA,BAMA,-112,281,250.89,lost,2024-09-28,
756,2024-09-28,Football,NCAAF,UGA @ BAMA,moneyline,UGA -110,UGA,BAMA,-110,110,100,lost,2024-09-28,
757,2024-09-28,Football,NCAAF,CIN @ TTU,spread,CIN +3 -110,CIN,TTU,-110,110,100,push,2024-09-28,
758,2024-09-28,Football,NCAAF,ARI @ UTAH,spread,(Live) UTAH +3.5 -123,UTAH,ARI,-123,500,406.5,lost,2024-09-28,
759,2024-09-29,Football,NFL,MIN @ GB,spread,GB -2.5 -110,GB,MIN,-110,110,100,lost,2024-09-29,
760,2024-09-29,Football,NFL,JAC @ HOU,spread,JAC +6.5 -110,JAC,HOU,-110,110,100,won,2024-09-29,
761,2024-09-29,Football,NFL,JAC @ HOU,spread,JAC +7 -110,JAC,HOU,-110,110,100,won,2024-09-29,
762,2024-09-29,Football,NFL,CIN @ CAR,spread,CIN -4.5 -110,CIN,CAR,-110,220,200,won,2024-09-29,
763,2024-09-29,Football,NFL,KC @ LAC,spread,(Live) KC +2.5 -116,KC,LAC,-116,580,500,won,2024-09-29,
764,2024-09-30,Football,NFL,SEA @ DET,prop,,SEA/DET,,139,50,69.5,lost,2024-09-30,
765,2024-09-30,Football,NFL,SEA @ DET,prop,,SEA/DET,,-117,100,85.47,lost,2024-09-30,
766,2024-10-03,Football,NCAAF,TXST @ TROY,spread,TROY +14 -110,TROY,TXST,-110,110,100,lost,2024-10-03,
767,2024-10-03,Football,NFL,TB @ ATL,spread,ATL -2.5 -110,ATL,TB,-110,110,100,won,2024-10-03,
768,2024-10-03,Football,NCAAF,SHSU @ UTEP,spread,UTEP +10 -110,UTEP,SHSU,-110,110,100,lost,2024-10-03,
769,2024-10-04,Football,NCAAF,HOU @ TCU,total,HOU @ TCU: u51 -110,HOU,TCU,-110,110,100,won,2024-10-04,
770,2024-10-04,Football,NCAAF,MSU @ ORE,spread,ORE -23.5 -120,ORE,MSU,-120,120,100,lost,2024-10-04,
771,2024-10-05,Football,NCAAF,UCLA @ PSU,spread,(Live) PSU -19.5 -107,PSU,UCLA,-107,122,114.02,lost,2024-10-05,
772,2024-10-05,Football,NCAAF,PITT @ UNC,spread,UNC +2.5 -110,UNC,PITT,-110,110,100,lost,2024-10-05,
773,2024-10-05,Football,NCAAF,ARMY @ TLSA,spread,TLSA +14 -110,TLSA,ARMY,-110,110,100,lost,2024-10-05,
774,2024-10-05,Football,NCAAF,WF @ NCST,spread,NCST -4 -110,NCST,WF,-110,110,100,lost,2024-10-05,
775,2024-10-05,Football,NCAAF,NAVY @ AFA,total,NAVY @ AFA: o36 -110,NAVY,AFA,-110,110,100,won,2024-10-05,
776,2024-10-05,Football,NCAAF,RUT @ NEB,spread,NEB -6.5 -130,NEB,RUT,-130,130,100,won,2024-10-05,
777,2024-10-05,Football,NCAAF,UL @ USM,spread,UL -14 -120,UL,USM,-120,120,100,lost,2024-10-05,
778,2024-10-05,Football,NCAAF,CLEM @ FSU,spread,FSU +15 -110,FSU,CLEM,-110,110,100,lost,2024-10-05,
779,2024-10-05,Football,NCAAF,TENN @ ARK,spread,ARK +14 -120,ARK,TENN,-120,120,100,won,2024-10-05,
780,2024-10-05,Football,NCAAF,MICH @ WASH,spread,WASH -1 -110,WASH,MICH,-110,252,229.09,won,2024-10-05,
781,2024-10-05,Football,NCAAF,BAY @ ISU,total,BAY @ ISU: u45 -110,BAY,ISU,-110,110,100,lost,2024-10-05,
782,2024-10-05,Football,NCAAF,UCF @ FLA,moneyline,FLA +117,FLA,UCF,117,100,117,won,2024-10-05,
783,2024-10-05,Football,NCAAF,DUKE @ GT,spread,GT -9.5 -120,GT,DUKE,-120,120,100,won,2024-10-05,
784,2024-10-05,Football,NCAAF,HAW @ SDSU,total,HAW @ SDSU: u49.5 -110,HAW,SDSU,-110,110,100,lost,2024-10-05,
785,2024-10-05,Football,NCAAF,KU @ ASU,spread,KU +3 -110,KU,ASU,-110,110,100,lost,2024-10-05,
786,2024-10-05,Football,NCAAF,MIA @ CAL,total,MIA @ CAL: o55 -110,MIA,CAL,-110,110,100,won,2024-10-05,
787,2024-10-06,Football,NFL,NYJ @ MIN,moneyline,NYJ +127,NYJ,MIN,127,100,127,lost,2024-10-06,
788,2024-10-06,Football,NFL,BAL @ CIN,spread,CIN +2.5 -110,CIN,BAL,-110,110,100,lost,2024-10-06,
789,2024-10-06,Football,NFL,CAR @ CHI,spread,CAR +4 -110,CAR,CHI,-110,110,100,lost,2024-10-06,
790,2024-10-06,Football,NFL,BUF @ HOU,spread,HOU -1 -110,HOU,BUF,-110,110,100,won,2024-10-06,
791,2024-10-06,Football,NFL,GB @ LA,moneyline,LA +140,LA,GB,140,100,140,lost,2024-10-06,
792,2024-10-10,Football,NCAAF,MTSU @ LT,total,MTSU @ LT: u48.5 -110,MTSU,LT,-110,110,100,lost,2024-10-10,
793,2024-10-10,Football,NCAAF,MTSU @ LT,total,(Live) MTSU @ LT: u77.5 -117,MTSU,LT,-117,234,200,won,2024-10-10,
794,2024-10-10,Football,NCAAF,MTSU @ LT,total,(Live) MTSU @ LT: u67.5 -119,MTSU,LT,-119,119,100,lost,2024-10-10,
795,2024-10-10,Football,NFL,SF @ SEA,prop,,SF/SEA,,-115,58,50.44,won,2024-10-10,
796,2024-10-10,Football,NFL,SF @ SEA,prop,,SF/SEA,,-115,58,50.44,won,2024-10-10,
797,2024-10-10,Football,NFL,SF @ SEA,prop,,SF/SEA,,-115,58,50.44,lost,2024-10-10,
798,2024-10-11,Football,NCAAF,UTAH @ ASU,spread,UTAH -6 -110,UTAH,ASU,-110,110,100,lost,2024-10-11,
799,2024-10-12,Football,NCAAF,WASH @ IOWA,spread,WASH +3 -110,WASH,IOWA,-110,110,100,lost,2024-10-12,
800,2024-10-12,Football,NCAAF,WIS @ RUT,moneyline,WIS +110,WIS,RUT,110,100,110,won,2024-10-12,
801,2024-10-12,Football,NCAAF,CLEM @ WF,spread,CLEM -20.5 -110,CLEM,WF,-110,110,100,won,2024-10-12,
802,2024-10-12,Football,NCAAF,WASH @ IOWA,total,WASH @ IOWA: o40.5 -110,WASH,IOWA,-110,110,100,won,2024-10-12,
803,2024-10-12,Football,NCAAF,PSU @ USC,spread,PSU -5.5 -110,PSU,USC,-110,110,100,lost,2024-10-12,
804,2024-10-12,Football,NCAAF,ARI @ BYU,moneyline,ARI +160,ARI,BYU,160,100,160,lost,2024-10-12,
805,2024-10-12,Football,NCAAF,ARI @ BYU,spread,ARI +3.5 -110,ARI,BYU,-110,110,100,lost,2024-10-12,
806,2024-10-12,Football,NCAAF,OSU @ ORE,spread,ORE +3.5 -110,ORE,OSU,-110,110,100,won,2024-10-12,
807,2024-10-12,Football,NCAAF,VAN @ UK,spread,UK -13.5 -110,UK,VAN,-110,110,100,lost,2024-10-12,
808,2024-10-12,Football,NCAAF,ISU @ WVU,spread,ISU -3 -110,ISU,WVU,-110,110,100,won,2024-10-12,
809,2024-10-13,Football,NFL,WAS @ BAL,spread,WAS +7 -120,WAS,BAL,-120,120,100,push,2024-10-13,
810,2024-10-18,Football,NCAAF,FSU @ DUKE,spread,FSU +3.5 -110,FSU,DUKE,-110,110,100,lost,2024-10-18,
811,2024-10-18,Football,NCAAF,OKST @ BYU,spread,OKST +10 -110,OKST,BYU,-110,110,100,won,2024-10-18,
812,2024-10-19,Football,NCAAF,SC @ OU,spread,OU -1.5 -110,OU,SC,-110,110,100,lost,2024-10-19,
813,2024-10-19,Football,NCAAF,SC @ OU,spread,(Live) OU +19.5 -117,OU,SC,-117,200,170.94,lost,2024-10-19,
814,2024-10-19,Football,NCAAF,HAW @ WSU,spread,(Live) WSU -11.5 -118,WSU,HAW,-118,250,211.86,won,2024-10-19,
815,2024-10-19,Football,NCAAF,BAMA @ TENN,moneyline,(Live) BAMA +100,BAMA,TENN,100,200,200,lost,2024-10-19,
816,2024-10-19,Football,NCAAF,UGA @ TEX,spread,UGA +4 -110,UGA,TEX,-110,110,100,won,2024-10-19,
817,2024-10-19,Football,NCAAF,UGA @ TEX,total,(Live) UGA @ TEX: o43.5 -120,UGA,TEX,-120,300,250,won,2024-10-19,
818,2024-10-19,Football,NCAAF,UNLV @ ORST,spread,ORST +7.5 -110,ORST,UNLV,-110,110,100,lost,2024-10-19,
819,2024-10-20,Football,NFL,DET @ MIN,spread,DET +2 -110,DET,MIN,-110,275,250,won,2024-10-20,
820,2024-10-20,Football,NFL,DET @ MIN,spread,(Live) DET +7.5 -120,DET,MIN,-120,300,250,won,2024-10-20,
821,2024-10-20,Football,NFL,NYJ @ PIT,total,(Live) NYJ @ PIT: u38.5 -109,NYJ,PIT,-109,109,100,lost,2024-10-20,
822,2024-10-20,Football,NFL,NYJ @ PIT,total,(Live) NYJ @ PIT: u44.5 -102,NYJ,PIT,-102,204,200,lost,2024-10-20,
823,2024-10-24,Football,NFL,MIN @ LA,spread,MIN -3 -115,MIN,LA,-115,115,100,lost,2024-10-24,
824,2024-10-26,Football,NCAAF,WASH @ IU,spread,(Live) WASH +11.5 -114,WASH,IU,-114,116,101.76,lost,2024-10-26,
825,2024-10-26,Football,NCAAF,OU @ MISS,spread,MISS -19 -110,MISS,OU,-110,110,100,lost,2024-10-26,
826,2024-10-26,Football,NCAAF,TULN @ UNT,spread,UNT +8 -110,UNT,TULN,-110,110,100,push,2024-10-26,
827,2024-10-26,Football,NCAAF,NEB @ OSU,spread,NEB +25 -110,NEB,OSU,-110,110,100,won,2024-10-26,
828,2024-10-26,Football,NCAAF,KENT @ WMU,spread,KENT +18.5 -110,KENT,WMU,-110,110,100,lost,2024-10-26,
829,2024-10-26,Football,NCAAF,MSU @ MICH,spread,MSU +4 -110,MSU,MICH,-110,110,100,lost,2024-10-26,
830,2024-10-26,Football,NCAAF,KU @ KSU,spread,KU +10 -110,KU,KSU,-110,110,100,won,2024-10-26,
831,2024-10-27,Football,NFL,PHI @ CIN,spread,CIN -2.5 -110,CIN,PHI,-110,110,100,lost,2024-10-27,
832,2024-10-27,Football,NFL,DAL @ SF,spread,DAL +4 -110,DAL,SF,-110,110,100,lost,2024-10-27,
833,2024-10-27,Football,NFL,DAL @ SF,moneyline,DAL +175,DAL,SF,175,100,175,lost,2024-10-27,
834,2024-11-02,Football,NCAAF,NW @ PUR,spread,PUR +1 -110,PUR,NW,-110,110,100,lost,2024-11-02,
835,2024-11-02,Football,NCAAF,AFA @ ARMY,spread,AFA +22.5 -110,AFA,ARMY,-110,110,100,won,2024-11-02,
836,2024-11-02,Football,NCAAF,MINN @ ILL,spread,MINN -3 -110,MINN,ILL,-110,110,100,won,2024-11-02,
837,2024-11-02,Football,NCAAF,VAN @ AUB,spread,AUB -6.5 -110,AUB,VAN,-110,110,100,lost,2024-11-02,
838,2024-11-02,Football,NCAAF,FLA @ UGA,spread,FLA +14.5 -110,FLA,UGA,-110,110,100,won,2024-11-02,
839,2024-11-02,Football,NCAAF,IU @ MSU,spread,(1Q) IU -2.5 -125,IU,MSU,-125,125,100,lost,2024-11-02,1st quarter
840,2024-11-02,Football,NCAAF,TTU @ ISU,spread,ISU -13.5 -110,ISU,TTU,-110,110,100,lost,2024-11-02,
841,2024-11-02,Football,NCAAF,NAVY @ RICE,spread,RICE +11.5 -110,RICE,NAVY,-110,110,100,won,2024-11-02,
842,2024-11-02,Football,NCAAF,LOU @ CLEM,spread,LOU +10.5 -110,LOU,CLEM,-110,110,100,won,2024-11-02,
843,2024-11-03,Football,NFL,DET @ GB,spread,GB +3 -110,GB,DET,-110,110,100,lost,2024-11-03,
844,2024-11-07,Football,NFL,CIN @ BAL,spread,CIN +6 -110,CIN,BAL,-110,55,50,won,2024-11-07,
845,2024-11-07,Football,NFL,CIN @ BAL,moneyline,CIN +220,CIN,BAL,220,50,110,lost,2024-11-07,
846,2024-11-09,Football,NCAAF,MIA @ GT,moneyline,(Live) GT -141,GT,MIA,-141,282,200,won,2024-11-09,
847,2024-11-09,Football,NCAAF,UGA @ MISS,spread,UGA -1.5 -110,UGA,MISS,-110,220,200,lost,2024-11-09,
848,2024-11-09,Football,NCAAF,COLO @ TTU,spread,TTU +4.5 -110,TTU,COLO,-110,220,200,lost,2024-11-09,
849,2024-11-09,Football,NCAAF,BAMA @ LSU,spread,BAMA -2.5 -110,BAMA,LSU,-110,220,200,won,2024-11-09,
850,2024-11-09,Football,NCAAF,WASH @ PSU,spread,(2H) WASH +7 +100,WASH,PSU,100,250,250,won,2024-11-09,2nd half
851,2024-11-09,Football,NCAAF,WASH @ PSU,spread,(Live) WASH +30.5 -112,WASH,PSU,-112,112,100,won,2024-11-09,
852,2024-11-09,Football,NCAAF,BYU @ UTAH,spread,UTAH +3.5 -110,UTAH,BYU,-110,220,200,won,2024-11-09,
853,2024-11-14,Football,NFL,WAS @ PHI,moneyline,(Live) PHI +100,PHI,WAS,-100,100,100,won,2024-11-14,
854,2024-11-15,Football,NCAAF,HOU @ ARI,moneyline,HOU +106,HOU,ARI,106,100,106,lost,2024-11-15,
855,2024-11-16,Football,NCAAF,ORE @ WIS,spread,(Live) ORE +1.5 -109,ORE,WIS,-109,273,250.46,won,2024-11-16,
856,2024-11-17,Football,NFL,CLE @ NO,spread,CLE -1 -110,CLE,NO,-110,110,100,lost,2024-11-17,
857,2024-11-17,Football,NFL,CIN @ LAC,spread,CIN +1.5 -110,CIN,LAC,-110,110,100,lost,2024-11-17,
858,2024-11-30,Football,NCAAF,MICH @ OSU,spread,(Live) OSU -6.5 -109,OSU,MICH,-109,273,250.46,lost,2024-11-30,
859,2024-11-30,Football,NCAAF,MICH @ OSU,moneyline,(Live) MICH -319,MICH,OSU,-319,1595,500,won,2024-11-30,
860,2024-11-30,Football,NCAAF,OU @ LSU,spread,LSU -6 -110,LSU,OU,-110,110,100,won,2024-11-30,
861,2024-11-30,Football,NCAAF,WASH @ ORE,prop,,WASH/ORE,,-110,1100,1000,won,2024-11-30,
862,2024-11-30,Football,NCAAF,WASH @ ORE,spread,ORE -17 -110,ORE,WASH,-110,550,500,won,2024-11-30,
863,2024-12-01,Football,NFL,SEA @ NYJ,moneyline,SEA +100,SEA,NYJ,100,200,200,won,2024-12-01,
864,2024-12-01,Football,NFL,SEA @ NYJ,spread,(Live) SEA +12.5 -117,SEA,NYJ,-117,293,250.43,won,2024-12-01,
865,2024-12-01,Football,NFL,LAC @ ATL,moneyline,LAC -115,LAC,ATL,-115,230,200,won,2024-12-01,
866,2024-12-08,Football,NFL,BUF @ LA,spread,(Live) BUF +4.5 -120,BUF,LA,-120,300,250,won,2024-12-08,
867,2024-12-12,Football,NFL,LA @ SF,moneyline,(Live) SF +145,SF,LA,145,500,725,lost,2024-12-12,
868,2024-12-14,Football,NCAAF,USA @ WMU,spread,USA -8.5 -110,USA,WMU,-110,397,360.91,lost,2024-12-14,
869,2024-12-15,Football,NFL,GB @ SEA,moneyline,SEA +136,SEA,GB,136,450,612,lost,2024-12-15,
870,2024-12-17,Football,NCAAF,MEM @ WVU,prop,,MEM/WVU,,-125,250,200,won,2024-12-17,
871,2024-12-18,Football,NCAAF,WKU @ JMU,total,WKU @ JMU: u49.5 -110,WKU,JMU,-110,110,100,won,2024-12-18,
872,2024-12-18,Football,NCAAF,CAL @ UNLV,spread,CAL +3.5 -110,CAL,UNLV,-110,200,181.82,lost,2024-12-18,
873,2024-12-19,Football,NCAAF,GASO @ SHSU,spread,SHSU +4 -110,SHSU,GASO,-110,200,181.82,won,2024-12-19,
874,2024-12-20,Football,NCAAF,OHIO @ JVST,prop,,OHIO/JVST,,-125,200,160,won,2024-12-20,
875,2024-12-20,Football,NCAAF,TULN @ FLA,spread,FLA -10 -110,FLA,TULN,-110,200,181.82,won,2024-12-20,
876,2024-12-20,Football,NCAAF,IU @ ND,spread,IU +7 +135,IU,ND,135,150,202.5,lost,2024-12-20,
877,2024-12-20,Football,NCAAF,IU @ ND,spread,(2H) IU +3 +100,IU,ND,100,200,200,won,2024-12-20,2nd half
878,2024-12-20,Football,NCAAF,IU @ ND,prop,,IU/ND,,-110,200,181.82,lost,2024-12-20,
879,2024-12-22,Football,NFL,NE @ BUF,spread,(Live) BUF -6.5 -107,BUF,NE,-107,268,250.47,lost,2024-12-22,
880,2024-12-26,Football,NCAAF,PITT @ TOL,spread,(Live) PITT -3 -103,PITT,TOL,-103,206,200,lost,2024-12-26,
881,2024-12-26,Football,NCAAF,RUT @ KSU,spread,RUT +7 -110,RUT,KSU,-110,220,200,won,2024-12-26,
882,2024-12-26,Football,NCAAF,ARST @ BGSU,spread,(Live) BGSU -2.5 -115,BGSU,ARST,-115,288,250.44,lost,2024-12-26,
883,2024-12-27,Football,NCAAF,OU @ NAVY,moneyline,NAVY +100,NAVY,OU,100,200,200,won,2024-12-27,
884,2024-12-27,Football,NCAAF,GT @ VAN,spread,VAN +3 -110,VAN,GT,-110,220,200,won,2024-12-27,
885,2024-12-27,Football,NCAAF,TTU @ ARK,spread,TTU -2.5 -110,TTU,ARK,-110,220,200,lost,2024-12-27,
886,2024-12-27,Football,NCAAF,SYR @ WSU,spread,SYR -24.5 +160,SYR,WSU,160,200,320,lost,2024-12-27,
887,2024-12-27,Football,NCAAF,SYR @ WSU,spread,SYR -18 -109,SYR,WSU,-109,220,201.84,lost,2024-12-27,
888,2024-12-27,Football,NCAAF,SYR @ WSU,spread,(Live) SYR -10 -107,SYR,WSU,-107,400,373.83,won,2024-12-27,
889,2024-12-27,Football,NCAAF,SYR @ WSU,spread,SYR -10.5 -210,SYR,WSU,-210,840,400,won,2024-12-27,
890,2024-12-27,Football,NCAAF,TA&M @ USC,spread,USC +3 -105,USC,TA&M,-105,210,200,won,2024-12-27,
891,2024-12-28,Football,NCAAF,BC @ NEB,spread,BC +3.5 -110,BC,NEB,-110,110,100,lost,2024-12-28,
892,2024-12-28,Football,NFL,LAC @ NE,moneyline,NE +250,NE,LAC,250,250,625,lost,2024-12-28,
893,2024-12-28,Football,NCAAF,ISU @ MIA,total,(Live) ISU @ MIA: u101 -122,ISU,MIA,-122,122,100,won,2024-12-28,
894,2024-12-28,Football,NCAAF,ISU @ MIA,spread,ISU +4 -110,ISU,MIA,-110,110,100,won,2024-12-28,
895,2024-12-28,Football,NCAAF,ISU @ MIA,total,(Live) ISU @ MIA: u96.5 -123,ISU,MIA,-123,123,100,won,2024-12-28,
896,2024-12-29,Football,NFL,GB @ MIN,spread,(Live) GB +15.5 -112,GB,MIN,-112,250,223.22,won,2024-12-29,
897,2024-12-31,Football,NCAAF,BAMA @ MICH,spread,(1Q) BAMA -4.5 -115,BAMA,MICH,-115,345,300,lost,2024-12-31,1st quarter
898,2024-12-31,Football,NCAAF,BAMA @ MICH,spread,(Live) BAMA -6.5 -115,BAMA,MICH,-115,575,500,lost,2024-12-31,
899,2024-12-31,Football,NCAAF,BAMA @ MICH,spread,(Live) BAMA +2.5 -112,BAMA,MICH,-112,560,500,lost,2024-12-31,
900,2025-01-09,Football,NCAAF,ND @ PSU,total,ND @ PSU: u45.5 -110,ND,PSU,-110,330,300,lost,2025-01-09,
901,2025-01-09,Football,NCAAF,ND @ PSU,prop,,ND/PSU,,-115,115,100,lost,2025-01-09,
902,2025-01-09,Football,NCAAF,ND @ PSU,total,ND @ PSU: u45.5 -110,ND,PSU,-110,220,200,lost,2025-01-09,
903,2025-01-26,Football,NFL,WAS @ PHI,spread,PHI -6 -110,PHI,WAS,-110,220,200,won,2025-01-26,
904,2025-01-26,Football,NFL,BUF @ KC,spread,(Live) BUF +7.5 -121,BUF,KC,-121,121,100,won,2025-01-26,
905,2025-01-26,Football,NFL,BUF @ KC,spread,KC -1.5 -115,KC,BUF,-115,230,200,won,2025-01-26,
906,2025-03-11,Basketball,NCAAB,MTST @ UNCO,spread,(Live) MTST +13.5 -112,MTST,UNCO,-112,112,100,lost,2025-03-11,
907,2025-08-30,Football,NCAAF,CSU @ WASH,spread,WASH -7.5 +101,WASH,CSU,101,500,505,won,2025-08-30,
908,2025-08-30,Football,NCAAF,CSU @ WASH,spread,WASH -14.5 -105,WASH,CSU,-105,263,250.48,won,2025-08-30,
909,2025-09-07,Football,NFL,BAL @ BUF,prop,,BAL/BUF,,-120,120,100,won,2025-09-07,
910,2025-09-13,Football,NCAAF,OHIO @ OSU,spread,(Live) OSU -23.5 -119,OSU,OHIO,-119,297,249.58,won,2025-09-13,
911,2025-09-13,Football,NCAAF,OHIO @ OSU,spread,(Live) OSU -21.5 -101,OSU,OHIO,-101,505,500,won,2025-09-13,
912,2025-09-14,Football,NFL,NYG @ DAL,spread,DAL -5 -110,DAL,NYG,-110,220,200,lost,2025-09-14,
913,2025-09-14,Football,NFL,PHI @ KC,spread,KC +1 -110,KC,PHI,-110,220,200,lost,2025-09-14,
914,2025-09-14,Football,NFL,ATL @ MIN,total,ATL @ MIN: o44.5 -110,ATL,MIN,-110,110,100,lost,2025-09-14,
915,2025-09-20,Football,NCAAF,WASH @ WSU,spread,WASH -20 -110,WASH,WSU,-110,220,200,won,2025-09-20,
916,2025-09-21,Football,NFL,LA @ PHI,spread,(Live) LA +7.5 -120,LA,PHI,-120,120,100,won,2025-09-21,
917,2025-10-04,Football,NCAAF,PSU @ UCLA,spread,(Live) PSU -13.5 -118,PSU,UCLA,-118,118,100,lost,2025-10-04,
918,2025-10-04,Football,NCAAF,PSU @ UCLA,spread,(Live) PSU -10.5 -114,PSU,UCLA,-114,228,200,lost,2025-10-04,
919,2025-10-04,Football,NCAAF,VAN @ BAMA,spread,(Live) BAMA -6.5 -120,BAMA,VAN,-120,240,200,won,2025-10-04,
920,2025-10-04,Football,NCAAF,VAN @ BAMA,spread,(Live) BAMA -3.5 -115,BAMA,VAN,-115,575,500,won,2025-10-04,
921,2025-10-04,Football,NCAAF,PSU @ UCLA,spread,(Live) PSU -5.5 -115,PSU,UCLA,-115,575,500,lost,2025-10-04,
922,2025-10-04,Football,NCAAF,PSU @ UCLA,spread,(Live) PSU +5.5 -106,PSU,UCLA,-106,212,200,won,2025-10-04,
923,2025-10-04,Football,NCAAF,PSU @ UCLA,spread,(Live) PSU -1.5 -117,PSU,UCLA,-117,585,500,lost,2025-10-04,
924,2025-10-04,Football,NCAAF,VAN @ BAMA,spread,(1H) BAMA -7 -110,BAMA,VAN,-110,110,100,lost,2025-10-04,1st half
925,2025-10-04,Football,NCAAF,VAN @ BAMA,spread,BAMA -12 -110,BAMA,VAN,-110,110,100,won,2025-10-04,
926,2025-10-04,Football,NCAAF,MINN @ OSU,moneyline,(1Q) OSU +117,OSU,MINN,117,250,292.5,won,2025-10-04,1st quarter
927,2025-10-04,Football,NCAAF,MINN @ OSU,prop,,MINN/OSU,,149,250,372.5,lost,2025-10-04,1st half
928,2025-10-04,Football,NCAAF,MINN @ OSU,moneyline,(1H) OSU -334,OSU,MINN,-334,1002,300,won,2025-10-04,1st half
929,2025-10-05,Football,NFL,MIN @ CLE,moneyline,(Live) CLE -135,CLE,MIN,-135,135,100,lost,2025-10-05,
930,2025-10-05,Football,NFL,TB @ SEA,spread,(Live) SEA +6.5 -115,SEA,TB,-115,575,500,won,2025-10-05,
931,2025-10-05,Football,NFL,TB @ SEA,prop,,TB/SEA,,-117,585,500,won,2025-10-05,
932,2025-10-05,Football,NFL,NE @ BUF,spread,(Live) BUF -3.5 -115,BUF,NE,-115,230,200,lost,2025-10-05,
933,2025-10-05,Football,NFL,NE @ BUF,spread,(Live) BUF -3.5 -103,BUF,NE,-103,515,500,lost,2025-10-05,
934,2025-10-05,Football,NFL,NE @ BUF,spread,(Live) BUF -6.5 -117,BUF,NE,-117,1170,1000,lost,2025-10-05,
935,2025-10-05,Football,NFL,NE @ BUF,spread,(2H) BUF -3.5 -105,BUF,NE,-105,735,700,lost,2025-10-05,2nd half
936,2025-10-10,Football,NCAAF,RUT @ WASH,spread,WASH -9.5 -115,WASH,RUT,-115,575,500,won,2025-10-10,
937,2025-10-10,Football,NCAAF,RUT @ WASH,spread,(Live) WASH -3.5 -115,WASH,RUT,-115,575,500,won,2025-10-10,
938,2025-10-10,Football,NCAAF,RUT @ WASH,spread,(1H) WASH +6.5 -110,WASH,RUT,-110,550,500,won,2025-10-10,1st half
939,2025-10-11,Football,NCAAF,IU @ ORE,spread,(Live) ORE -2.5 -115,ORE,IU,-115,575,500,lost,2025-10-11,
940,2025-10-11,Football,NCAAF,MICH @ USC,total,(2H) MICH @ USC: o27.5 -110,MICH,USC,-110,550,500,lost,2025-10-11,2nd half
941,2025-10-11,Football,NCAAF,KU @ TTU,spread,(Live) KU +30.5 -114,KU,TTU,-114,228,200,won,2025-10-11,
942,2025-10-18,Football,NCAAF,GT @ DUKE,moneyline,(Live) DUKE -110,DUKE,GT,-110,550,500,lost,2025-10-18,
943,2025-10-18,Football,NCAAF,PUR @ NW,spread,(Live) PUR +4.5 -118,PUR,NW,-118,1180,1000,lost,2025-10-18,
944,2025-10-25,Football,NCAAF,TOL @ WSU,spread,WSU +1 -110,WSU,TOL,-110,165,150,won,2025-10-25,
945,2025-10-25,Football,NCAAF,TOL @ WSU,total,(Live) TOL @ WSU: o35.5 +102,TOL,WSU,102,500,510,lost,2025-10-25,
946,2025-10-25,Football,NCAAF,TOL @ WSU,total,TOL @ WSU: o45 -110,TOL,WSU,-110,550,500,lost,2025-10-25,
947,2025-10-26,Football,NFL,BUF @ CAR,moneyline,BUF -400,BUF,CAR,-400,2000,500,won,2025-10-26,
948,2025-10-26,Football,NFL,CHI @ BAL,spread,BAL -2.5 -110,BAL,CHI,-110,550,500,won,2025-10-26,
949,2025-10-26,Football,NFL,SF @ HOU,spread,SF +3 -110,SF,HOU,-110,550,500,lost,2025-10-26,
950,2025-10-26,Football,NFL,SF @ HOU,moneyline,SF -110,SF,HOU,-110,275,250,lost,2025-10-26,
951,2025-10-26,Football,NFL,DAL @ DEN,spread,(Live) DAL +9.5 -111,DAL,DEN,-111,555,500,lost,2025-10-26,
952,2025-10-26,Football,NFL,GB @ PIT,total,(Live) GB @ PIT: o39.5 -200,GB,PIT,-200,2000,1000,won,2025-10-26,
953,2025-10-27,Football,NFL,WAS @ KC,prop,,WAS/KC,,-120,120,100,won,2025-10-27,
954,2025-11-01,Football,NCAAF,ARMY @ AFA,moneyline,AFA -110,AFA,ARMY,-110,275,250,lost,2025-11-01,
955,2025-11-01,Football,NCAAF,VAN @ TEX,total,(Live) VAN @ TEX: u58.5 -150,VAN,TEX,-150,375,250,lost,2025-11-01,
956,2025-11-01,Football,NCAAF,UVA @ CAL,spread,UVA -4.5 -110,UVA,CAL,-110,275,250,won,2025-11-01,
957,2025-11-01,Football,NCAAF,WYO @ SDSU,spread,(Live) SDSU -4.5 -117,SDSU,WYO,-117,585,500,won,2025-11-01,
958,2025-11-01,Football,NCAAF,WSU @ ORST,spread,WSU -3.5 -110,WSU,ORST,-110,550,500,lost,2025-11-01,
959,2025-11-01,Football,NCAAF,WSU @ ORST,spread,(1H) WSU -2 -110,WSU,ORST,-110,275,250,won,2025-11-01,1st half
960,2025-11-01,Football,NCAAF,USC @ NEB,spread,USC -4.5 -110,USC,NEB,-110,275,250,lost,2025-11-01,
961,2025-11-01,Football,NCAAF,WSU @ ORST,spread,WSU -3.5 -110,WSU,ORST,-110,550,500,lost,2025-11-01,
962,2025-11-01,Baseball,MLB,LAD @ TOR,moneyline,LAD +127,LAD,TOR,127,500,635,won,2025-11-01,
963,2025-11-02,Football,NFL,SF @ NYG,spread,SF -2.5 -115,SF,NYG,-115,575,500,won,2025-11-02,
964,2025-11-02,Football,NFL,MIN @ DET,spread,MIN +9.5 -110,MIN,DET,-110,550,500,won,2025-11-02,
965,2025-11-03,Football,NFL,ARI @ DAL,spread,(Live) DAL +4.5 -118,DAL,ARI,-118,590,500,lost,2025-11-03,
966,2025-11-03,Football,NFL,ARI @ DAL,moneyline,(Live) DAL +107,DAL,ARI,107,250,267.5,lost,2025-11-03,
967,2025-11-03,Football,NFL,ARI @ DAL,spread,DAL -2.5 -110,DAL,ARI,-110,550,500,lost,2025-11-03,
968,2025-11-04,Basketball,NCAAB,ORU @ OKST,spread,ORU +20.5 -110,ORU,OKST,-110,550,500,lost,2025-11-04,
969,2025-11-05,Basketball,NBA,HOU @ MEM,spread,HOU -8 -110,HOU,MEM,-110,550,500,won,2025-11-05,
970,2025-11-06,Football,NFL,LV @ DEN,spread,(Live) DEN -5.5 -121,DEN,LV,-121,270,223.14,lost,2025-11-06,
971,2025-11-08,Football,NCAAF,ORE @ IOWA,total,ORE @ IOWA: o40.5 -110,ORE,IOWA,-110,550,500,lost,2025-11-08,
972,2025-11-08,Football,NCAAF,STAN @ UNC,spread,UNC -7.5 -110,UNC,STAN,-110,550,500,lost,2025-11-08,
973,2025-11-09,Football,NFL,NO @ CAR,spread,CAR +1.5 -112,CAR,NO,-112,560,500,lost,2025-11-09,
974,2025-11-09,Football,NFL,JAC @ HOU,spread,JAC -1 -110,JAC,HOU,-110,1100,1000,lost,2025-11-09,
975,2025-11-09,Football,NFL,BUF @ MIA,spread,(2H) BUF -10.5 -110,BUF,MIA,-110,1100,1000,lost,2025-11-09,2nd half
976,2025-11-09,Football,NFL,BUF @ MIA,prop,,BUF/MIA,,-135,1350,1000,lost,2025-11-09,
977,2025-11-09,Football,NFL,BAL @ MIN,spread,(2H) BAL -3.5 -105,BAL,MIN,-105,1050,1000,won,2025-11-09,2nd half
978,2025-11-09,Football,NFL,BAL @ MIN,moneyline,(2H) BAL -147,BAL,MIN,-147,735,500,won,2025-11-09,2nd half
979,2025-11-09,Football,NFL,JAC @ HOU,spread,HOU -1 -110,HOU,JAC,-110,550,500,won,2025-11-09,
980,2025-11-09,Football,NFL,ARI @ SEA,spread,ARI +7 -115,ARI,SEA,-115,288,250.44,lost,2025-11-09,
981,2025-11-09,Football,NFL,ARI @ SEA,spread,(Live) ARI +17.5 -107,ARI,SEA,-107,535,500,lost,2025-11-09,
982,2025-11-10,Football,NFL,PHI @ GB,spread,GB -2.5 -110,GB,PHI,-110,550,500,lost,2025-11-10,
983,2025-11-15,Football,NCAAF,OU @ BAMA,spread,(Live) BAMA +3.5 -129,BAMA,OU,-129,645,500,won,2025-11-15,
984,2025-11-15,Football,NCAAF,PUR @ WASH,spread,(Live) WASH -13.5 -111,WASH,PUR,-111,555,500,won,2025-11-15,
985,2025-11-20,Football,NCAAF,UL @ ARST,prop,,UL/ARST,,-111,56,50.45,lost,2025-11-20,
986,2025-11-20,Football,NCAAF,UL @ ARST,prop,,UL/ARST,,-114,513,450,won,2025-11-20,
987,2025-11-20,Football,NCAAF,UL @ ARST,prop,,UL/ARST,,-110,550,500,won,2025-11-20,
988,2025-11-20,Basketball,NCAAB,TROY @ USC,spread,(Live) USC -6.5 -117,USC,TROY,-117,585,500,lost,2025-11-20,
989,2025-11-20,Basketball,NCAAB,TROY @ USC,spread,TROY +18.5 -110,TROY,USC,-110,550,500,won,2025-11-20,
990,2025-11-21,Football,NCAAF,FSU @ NCST,spread,FSU -6.5 -110,FSU,NCST,-110,550,500,lost,2025-11-21,
991,2025-11-21,Football,NCAAF,HAW @ UNLV,spread,UNLV -2.5 -110,UNLV,HAW,-110,550,500,won,2025-11-21,
992,2025-11-22,Football,NCAAF,RUT @ OSU,spread,(Live) OSU -24.5 -115,OSU,RUT,-115,575,500,won,2025-11-22,
993,2025-11-22,Football,NCAAF,WSU @ JMU,spread,WSU +14 -110,WSU,JMU,-110,550,500,won,2025-11-22,
994,2025-11-22,Football,NCAAF,WKU @ LSU,spread,LSU -22.5 -110,LSU,WKU,-110,550,500,lost,2025-11-22,
995,2025-11-22,Football,NCAAF,BYU @ CIN,spread,BYU -2.5 -110,BYU,CIN,-110,550,500,won,2025-11-22,
996,2025-11-23,Football,NFL,SEA @ TEN,spread,(1H) SEA -6.5 -120,SEA,TEN,-120,600,500,won,2025-11-23,1st half
997,2025-11-23,Football,NFL,TB @ LA,total,(2H) TB @ LA: o21 -115,TB,LA,-115,575,500,lost,2025-11-23,2nd half
998,2025-11-23,Football,NFL,TB @ LA,spread,(2H) TB +4 -105,TB,LA,-105,525,500,won,2025-11-23,2nd half
999,2025-11-23,Football,NFL,TB @ LA,spread,TB +7 -110,TB,LA,-110,550,500,lost,2025-11-23,
1000,2025-11-25,Basketball,NCAAB,WSU @ ASU,spread,ASU -5.5 -110,ASU,WSU,-110,550,500,won,2025-11-25,
1001,2025-11-26,Basketball,NCAAB,USC @ ASU,spread,ASU +5.5 -110,ASU,USC,-110,550,500,lost,2025-11-26,
1002,2025-11-26,Basketball,NCAAB,HALL @ WSU,spread,HALL -9 -110,HALL,WSU,-110,550,500,won,2025-11-26,
1003,2025-11-26,Basketball,NCAAB,SJU @ AUB,spread,SJU -4.5 -110,SJU,AUB,-110,550,500,lost,2025-11-26,
1004,2025-11-26,Basketball,NCAAB,MD @ ALA,spread,ALA -13 -110,ALA,MD,-110,550,500,won,2025-11-26,
1005,2025-11-27,Football,NFL,GB @ DET,spread,(Live) DET +3.5 -113,DET,GB,-113,565,500,lost,2025-11-27,
1006,2025-11-27,Football,NFL,KC @ DAL,spread,(2H) KC -4 -120,KC,DAL,-120,360,300,lost,2025-11-27,2nd half
1007,2025-11-28,Football,NFL,CHI @ PHI,spread,(Live) PHI -1.5 -107,PHI,CHI,-107,535,500,lost,2025-11-28,
1008,2025-11-28,Football,NCAAF,AFA @ CSU,total,AFA @ CSU: u45 -110,AFA,CSU,-110,550,500,lost,2025-11-28,
1009,2025-11-28,Football,NCAAF,SDSU @ UNM,spread,SDSU -1 -110,SDSU,UNM,-110,550,500,lost,2025-11-28,
1010,2025-11-28,Football,NCAAF,SDSU @ UNM,spread,UNM +1 -110,UNM,SDSU,-110,1100,1000,won,2025-11-28,
1011,2025-11-28,Football,NCAAF,UGA @ GT,spread,(Live) UGA -10 -133,UGA,GT,-133,665,500,lost,2025-11-28,
1012,2025-11-28,Football,NCAAF,TA&M @ TEX,spread,(Live) TEX +3.5 -121,TEX,TA&M,-121,605,500,won,2025-11-28,
1013,2025-11-28,Football,NCAAF,TA&M @ TEX,moneyline,(Live) TEX +101,TEX,TA&M,101,500,505,won,2025-11-28,
1014,2025-11-29,Football,NCAAF,FIU @ SHSU,spread,SHSU +10 -110,SHSU,FIU,-110,550,500,lost,2025-11-29,
1015,2025-11-29,Football,NCAAF,NW @ ILL,spread,ILL -7 -110,ILL,NW,-110,550,500,push,2025-11-29,
1016,2025-11-29,Football,NCAAF,WYO @ HAW,spread,HAW -7.5 -110,HAW,WYO,-110,550,500,won,2025-11-29,
1017,2025-11-30,Football,NFL,HOU @ IND,total,(Live) HOU @ IND: u45.5 +113,HOU,IND,113,500,565,won,2025-11-30,
1018,2025-12-01,Football,NFL,NYG @ NE,spread,NE -7 -110,NE,NYG,-110,550,500,won,2025-12-01,
1019,2025-12-01,Basketball,NCAAB,PORT @ STAN,spread,PORT +18 -110,PORT,STAN,-110,550,500,lost,2025-12-01,
1020,2025-12-01,Basketball,NBA,PHX @ LAL,spread,LAL -5 -110,LAL,PHX,-110,550,500,lost,2025-12-01,
1021,2025-12-04,Football,NFL,DAL @ DET,spread,DET -3 -110,DET,DAL,-110,550,500,won,2025-12-04,
1022,2025-12-05,Football,NCAAF,TROY @ JMU,spread,(Live) JMU -13.5 -113,JMU,TROY,-113,565,500,won,2025-12-05,
1023,2025-12-05,Football,NCAAF,TROY @ JMU,spread,(Live) JMU -20.5 -115,JMU,TROY,-115,575,500,lost,2025-12-05,
1024,2025-12-05,Basketball,NCAAB,GONZ @ UK,spread,GONZ -5 -110,GONZ,UK,-110,550,500,won,2025-12-05,
1025,2025-12-05,Football,NCAAF,UNLV @ BOISE,spread,BOISE -6 -110,BOISE,UNLV,-110,550,500,won,2025-12-05,
1026,2025-12-06,Football,NCAAF,M-OH @ WMU,total,(Live) M-OH @ WMU: u56.5 -116,M-OH,WMU,-116,580,500,won,2025-12-06,
1027,2025-12-06,Football,NCAAF,BYU @ TTU,spread,TTU -12.5 -112,TTU,BYU,-112,560,500,won,2025-12-06,
1028,2025-12-06,Football,NCAAF,UGA @ BAMA,moneyline,(1Q) BAMA +165,BAMA,UGA,165,250,412.5,lost,2025-12-06,1st quarter
1029,2025-12-06,Football,NCAAF,UGA @ BAMA,total,(Live) UGA @ BAMA: o41 -113,UGA,BAMA,-113,565,500,lost,2025-12-06,
1030,2025-12-06,Football,NCAAF,DUKE @ UVA,spread,UVA -4 -110,UVA,DUKE,-110,550,500,lost,2025-12-06,
1031,2025-12-06,Football,NCAAF,IU @ OSU,spread,OSU -4 -110,OSU,IU,-110,550,500,lost,2025-12-06,
1032,2025-12-07,Football,NFL,SEA @ ATL,spread,(2H) SEA -3.5 -115,SEA,ATL,-115,431,374.78,won,2025-12-07,2nd half
1033,2025-12-07,Football,NFL,CHI @ GB,spread,CHI +6.5 -110,CHI,GB,-110,550,500,lost,2025-12-07,
1034,2025-12-07,Football,NFL,HOU @ KC,spread,(Live) KC +5.5 -109,KC,HOU,-109,545,500,lost,2025-12-07,
1035,2025-12-13,Football,NCAAF,ARMY @ NAVY,spread,(Live) NAVY -4.5 -110,NAVY,ARMY,-110,550,500,lost,2025-12-13,
1036,2025-12-14,Football,NFL,DET @ LA,spread,DET +6 -110,DET,LA,-110,550,500,lost,2025-12-14,
1037,2025-12-14,Football,NFL,IND @ SEA,spread,(Live) SEA -6.5 -115,SEA,IND,-115,575,500,lost,2025-12-14,
1038,2025-12-14,Football,NFL,IND @ SEA,spread,(2H) SEA -9.5 -110,SEA,IND,-110,1100,1000,lost,2025-12-14,2nd half
1039,2025-12-14,Football,NFL,IND @ SEA,moneyline,(Live) SEA -276,SEA,IND,-276,1380,500,won,2025-12-14,
1040,2025-12-17,Basketball,NCAAB,ASU @ UCLA,spread,(Live) ASU +12.5 -110,ASU,UCLA,-110,550,500,lost,2025-12-17,
1041,2025-12-19,Football,NCAAF,KENN @ WMU,total,(Live) KENN @ WMU: u63.5 -114,KENN,WMU,-114,570,500,won,2025-12-19,
1042,2025-12-19,Football,NCAAF,MEM @ NCST,spread,(Live) MEM +7.5 -126,MEM,NCST,-126,630,500,lost,2025-12-19,
1043,2025-12-19,Football,NCAAF,BAMA @ OU,total,BAMA @ OU: o40.5 -110,BAMA,OU,-110,550,500,won,2025-12-19,
1044,2025-12-20,Football,NCAAF,TULN @ MISS,spread,MISS -16.5 -110,MISS,TULN,-110,550,500,won,2025-12-20,
1045,2025-12-20,Football,NCAAF,JMU @ ORE,spread,ORE -20.5 -110,ORE,JMU,-110,550,500,lost,2025-12-20,
1046,2025-12-26,Football,NCAAF,UNM @ MINN,spread,UNM +3 -110,UNM,MINN,-110,550,500,push,2025-12-26,
1047,2025-12-26,Football,NCAAF,UNM @ MINN,moneyline,UNM +128,UNM,MINN,128,250,320,lost,2025-12-26,
1048,2025-12-27,Football,NCAAF,GT @ BYU,spread,BYU -3 -110,BYU,GT,-110,550,500,won,2025-12-27,
1049,2025-12-27,Football,NCAAF,UVA @ MIZ,spread,MIZ -7 -110,MIZ,UVA,-110,550,500,lost,2025-12-27,
1050,2025-12-30,Football,NCAAF,CC @ LT,spread,(Live) LT -2.5 -117,LT,CC,-117,585,500,won,2025-12-30,
1051,2025-12-31,Football,NCAAF,NEB @ UTAH,spread,(Live) UTAH -5.5 -109,UTAH,NEB,-109,545,500,won,2025-12-31,
1052,2025-12-31,Football,NCAAF,MIA @ OSU,spread,(Live) OSU +6.5 -105,OSU,MIA,-105,1050,1000,lost,2025-12-31,
1053,2026-01-01,Football,NCAAF,MISS @ UGA,spread,(Live) UGA -2.5 -119,UGA,MISS,-119,595,500,lost,2026-01-01,
1054,2026-01-01,Football,NCAAF,MISS @ UGA,moneyline,(Live) UGA -150,UGA,MISS,-150,750,500,lost,2026-01-01,
1055,2026-01-02,Football,NCAAF,ARI @ SMU,spread,ARI -3 -110,ARI,SMU,-110,550,500,lost,2026-01-02,
1056,2026-01-04,Football,NFL,IND @ HOU,moneyline,(Live) IND +127,IND,HOU,127,750,952.5,lost,2026-01-04,
1057,2026-01-04,Football,NFL,KC @ LV,moneyline,(Live) KC +317,KC,LV,317,300,951,lost,2026-01-04,
1058,2026-02-08,Football,NFL,SEA @ NE,moneyline,SEA +724,SEA,NE,724,350,2534,won,2026-02-08,
1059,2026-02-14,Basketball,NCAAB,CLEM @ DUKE,spread,CLEM +14 -110,CLEM,DUKE,-110,550,500,won,2026-02-14,
1060,2026-02-14,Basketball,NCAAB,PITT @ UNC,spread,PITT +11.5 -115,PITT,UNC,-115,575,500,lost,2026-02-14,
1061,2026-02-14,Basketball,NCAAB,UK @ FLA,spread,UK +13 -110,UK,FLA,-110,550,500,won,2026-02-14,
1062,2026-02-24,Basketball,NCAAB,ARIZ @ BAY,spread,(2H) ARIZ -8 -110,ARIZ,BAY,-110,550,500,won,2026-02-24,2nd half
1063,2026-02-26,Basketball,NCAAB,MSU @ PUR,spread,(Live) PUR -3.5 -118,PUR,MSU,-118,590,500,lost,2026-02-26,
1064,2026-02-28,Basketball,NCAAB,TTU @ ISU,moneyline,(Live) ISU +135,ISU,TTU,135,610,823.5,lost,2026-02-28,
1065,2026-02-28,Basketball,NCAAB,TTU @ ISU,spread,(Live) ISU +5.5 -111,ISU,TTU,-111,888,800,lost,2026-02-28,
1066,2026-03-11,Basketball,NCAAB,MD @ IOWA,spread,(Live) IOWA -5.5 +100,IOWA,MD,100,500,500,won,2026-03-11,
1067,2026-03-12,Basketball,NCAAB,ISU @ TTU,moneyline,ISU -103,ISU,TTU,-103,580,563.11,won,2026-03-12,
1068,2026-03-19,Basketball,NCAAB,SIE @ DUKE,spread,(Live) DUKE -3.5 -116,DUKE,SIE,-116,580,500,won,2026-03-19,
1069,2026-03-20,Basketball,NCAAB,WRST @ UVA,spread,(Live) UVA -8.5 -124,UVA,WRST,-124,620,500,won,2026-03-20,
1070,2026-03-21,Basketball,NCAAB,TCU @ DUKE,spread,(1H) TCU +4.5 -118,TCU,DUKE,-118,590,500,won,2026-03-21,1st half
1071,2026-03-22,Basketball,NCAAB,SJU @ KU,total,(1H) SJU o35 -115,SJU,KU,-115,575,500,lost,2026-03-22,1st half
1072,2026-03-22,Basketball,NCAAB,SEA @ AUB,spread,(Live) AUB -13.5 -106,AUB,SEA,-106,1060,1000,lost,2026-03-22,
1073,2026-03-27,Basketball,NCAAB,ALA @ MICH,spread,(Live) MICH -5.5 -119,MICH,ALA,-119,595,500,won,2026-03-27,
1074,2023-01-01,Football,NFL,LA @ LAC / NO @ PHI / KC @ LV,parlay,2-leg parlay: LAC -0.5 -110 + NO @ PHI: o35.5 -110 + LV +14 -109 + KC @ LV: o46 -110,"LAC, NO, LV, KC",,148,200,296,won,2023-01-01,LA @ LAC: LAC -0.5 -110 (win); NO @ PHI: NO @ PHI: o35.5 -110 (loss); KC @ LV: LV +14 -109 (loss); KC @ LV: KC @ LV: o46 -110 (loss)
1075,2023-01-07,Football,NFL,TEN @ JAC / MIN @ CHI / LA @ SEA +1 more,parlay,2-leg parlay: TEN @ JAC: u40 -110 + JAC -280 + MIN -2 -110 + SEA PK -110 + NE +13 -110,"TEN, JAC, MIN, SEA, NE",,218,100,218,lost,2023-01-07,TEN @ JAC: TEN @ JAC: u40 -110 (win); TEN @ JAC: JAC -280 (win); MIN @ CHI: MIN -2 -110 (win); LA @ SEA: SEA PK -110 (win); NE @ BUF: NE +13 -110 (win)
1076,2023-01-08,Multi,NCAAF/NFL,HOU @ IND / TCU @ UGA,parlay,2-leg parlay: IND -150 + TCU @ UGA: o63 -110,"IND, TCU",,474,60,284.4,lost,2023-01-08,HOU @ IND: IND -150 (loss); TCU @ UGA: TCU @ UGA: o63 -110 (win)
1077,2023-01-08,Multi,NCAAF/NFL,LA @ SEA / TCU @ UGA,parlay,2-leg parlay: LA +202 + TCU @ UGA: o63.5 -108 + TCU +19.5 -110 + TCU @ UGA: o56.5 -112,"LA, TCU, TCU, TCU",,175,100,175,lost,2023-01-08,LA @ SEA: LA +202 (loss); TCU @ UGA: TCU @ UGA: o63.5 -108 (win); TCU @ UGA: TCU +19.5 -110 (loss); TCU @ UGA: TCU @ UGA: o56.5 -112 (win)
1078,2023-01-09,Hockey,NHL,SEA @ MTL,parlay,2-leg parlay: SEA @ MTL: o6 -120 + SEA -212,"SEA, SEA",,260,100,260,won,2023-01-09,SEA @ MTL: SEA @ MTL: o6 -120 (loss); SEA @ MTL: SEA -212 (win)
1079,2023-01-10,Multi,NFL/NHL,SEA @ BUF / DAL @ TB / NYG @ MIN +1 more,parlay,3-leg parlay: SEA -105 + SEA @ BUF: o6.5 -120 + TB +8.5 -104 + NYG +9 -110 + SEA @ SF: u48.5 -107,"SEA, SEA, TB, NYG, SEA",,386,100,386,lost,2023-01-10,SEA @ BUF: SEA -105 (win); SEA @ BUF: SEA @ BUF: o6.5 -120 (win); DAL @ TB: TB +8.5 -104 (loss); NYG @ MIN: NYG +9 -110 (win); SEA @ SF: SEA @ SF: u48.5 -107 (loss)
1080,2023-01-14,Football,NFL,NYG @ MIN / LAC @ JAC / DAL @ TB +6 more,parlay,2-leg parlay: MIN -160 + LAC -140 + DAL -140 + CIN -2.5 -110 + BUF -8 -107 + NYG +9 -115 + CIN -1.5 -110 + BAL @ CIN: o34 -110 + CIN +11.5 -107 + NYG +14 -110 + JAC +15.5 -110 + DAL +10 -110,"MIN, LAC, DAL, CIN, BUF, NYG, CIN, BAL, CIN, NYG, JAC, DAL",,265,100,265,lost,2023-01-14,NYG @ MIN: MIN -160 (loss); LAC @ JAC: LAC -140 (loss); DAL @ TB: DAL -140 (win); BAL @ CIN: CIN -2.5 -110 (win); MIA @ BUF: BUF -8 -107 (loss); NYG @ MIN: NYG +9 -115 (win); BAL @ CIN: CIN -1.5 -110 (win); BAL @ CIN: BAL @ CIN: o34 -110 (win); CIN @ BUF: CIN +11.5 -107 (win); NYG @ PHI: NYG +14 -110 (loss); JAC @ KC: JAC +15.5 -110 (win); DAL @ SF: DAL +10 -110 (win)
1081,2023-01-21,Multi,NFL/NHL,COL @ SEA / CIN @ BUF / DAL @ SF,parlay,2-leg parlay: COL @ SEA: o6.5 -110 + SEA -110 + BUF +0.5 -115 + (Live) CIN @ BUF: o42.5 -120 + SF +2 -114,"COL, SEA, BUF, CIN, SF",,-133,106.4,80,lost,2023-01-21,COL @ SEA: COL @ SEA: o6.5 -110 (loss); COL @ SEA: SEA -110 (loss); CIN @ BUF: BUF +0.5 -115 (loss); CIN @ BUF: (Live) CIN @ BUF: o42.5 -120 (loss); DAL @ SF: SF +2 -114 (win)
1082,2023-01-22,Multi,NFL/NHL,SJ @ BOS / CIN @ BUF,parlay,2-leg parlay: BOS -382 + BUF -255,"BOS, BUF",,-110,220,200,lost,2023-01-22,SJ @ BOS: BOS -382 (win); CIN @ BUF: BUF -255 (loss)
1083,2023-01-25,Multi,NFL/NHL,VAN @ SEA / CBJ @ EDM / CIN @ KC +1 more,parlay,3-leg parlay: SEA -187 + EDM -400 + CIN +7.5 -111 + SF +8.5 -105 + PHI +3 -120 + SF @ PHI: u51 -111,"SEA, EDM, CIN, SF, PHI, SF",,283,100,283,lost,2023-01-25,VAN @ SEA: SEA -187 (win); CBJ @ EDM: EDM -400 (loss); CIN @ KC: CIN +7.5 -111 (win); SF @ PHI: SF +8.5 -105 (loss); SF @ PHI: PHI +3 -120 (win); SF @ PHI: SF @ PHI: u51 -111 (win)
1084,2023-02-02,Multi,NCAAB/NFL,STAN @ UTAH / WSU @ USC / KC @ PHI,parlay,2-leg parlay: UTAH -275 + USC -275 + KC +105,"UTAH, USC, KC",,-120,120,100,won,2023-02-02,STAN @ UTAH: UTAH -275 (loss); WSU @ USC: USC -275 (win); KC @ PHI: KC +105 (win)
1085,2023-03-18,Basketball,NCAAB,AUB @ HOU / NW @ UCLA,parlay,2-leg parlay: HOU -245 + UCLA -335,"HOU, UCLA",,110,100,110,lost,2023-03-18,AUB @ HOU: HOU -245 (win); NW @ UCLA: UCLA -335 (win)
1086,2023-03-23,Basketball,NCAAB,ARK @ CONN / MIA @ HOU,parlay,2-leg parlay: CONN -175 + HOU -290,"CONN, HOU",,126,100,126,lost,2023-03-23,ARK @ CONN: CONN -175 (win); MIA @ HOU: HOU -290 (loss)
1087,2023-08-26,Multi,NCAAF/NFL,OHIO @ SDSU / DET @ KC / ORST @ SJSU,parlay,3-leg parlay: SDSU -144 + KC -295 + ORST -8.5 -110 + ORST @ SJSU: o50 -108,"SDSU, KC, ORST, ORST",,155,100,155,lost,2023-08-26,OHIO @ SDSU: SDSU -144 (win); DET @ KC: KC -295 (loss); ORST @ SJSU: ORST -8.5 -110 (win); ORST @ SJSU: ORST @ SJSU: o50 -108 (win)
1088,2023-09-07,Multi,NCAAF/NFL,TEX @ BAMA / UTAH @ BAY / DET @ KC,parlay,3-leg parlay: BAMA -283 + UTAH -320 + KC -225,"BAMA, UTAH, KC",,179,100,179,lost,2023-09-07,TEX @ BAMA: BAMA -283 (loss); UTAH @ BAY: UTAH -320 (win); DET @ KC: KC -225 (loss)
1089,2023-09-08,Football,NCAAF,UTAH @ BAY / ILL @ KU / TEX @ BAMA,parlay,3-leg parlay: UTAH -326 + KU -173 + BAMA -283,"UTAH, KU, BAMA",,155,200,310,lost,2023-09-08,UTAH @ BAY: UTAH -326 (win); ILL @ KU: KU -173 (win); TEX @ BAMA: BAMA -283 (loss)
1090,2023-09-09,Football,NCAAF,ORE @ TTU / TEX @ BAMA / AUB @ CAL,parlay,3-leg parlay: ORE -287 + BAMA -282 + AUB -250,"ORE, BAMA, AUB",,415,250,1037.5,lost,2023-09-09,ORE @ TTU: ORE -287 (win); TEX @ BAMA: BAMA -282 (loss); AUB @ CAL: AUB -250 (win)
1091,2023-09-10,Football,NFL,CIN @ CLE / BUF @ NYJ / PHI @ NE +2 more,parlay,3-leg parlay: CLE +2 -110 + BUF -140 + PHI -198 + PHI -0.5 -110 + BUF -3.5 -110,"CLE, BUF, PHI, PHI, BUF",,1023,31,317.13,won,2023-09-10,CIN @ CLE: CLE +2 -110 (win); BUF @ NYJ: BUF -140 (loss); PHI @ NE: PHI -198 (win); MIN @ PHI: PHI -0.5 -110 (win); LV @ BUF: BUF -3.5 -110 (win)
1092,2023-09-17,Football,NFL,SEA @ DET,parlay,3-leg parlay:  + SEA +185 + ,"SEA/DET, SEA, SEA/DET",,184,100,184,lost,2023-09-17,SEA @ DET:  (win); SEA @ DET: SEA +185 (win); SEA @ DET:  (win)
1093,2023-09-21,Multi,NCAAF/NFL,NYG @ SF / UNC @ PITT / MISS @ BAMA +2 more,parlay,3-leg parlay: SF -560 + (1H) SF -387 +  + UNC -1 -108 + BAMA -1 -106 + BAL -2 -106 + BUF -0.5 -108,"SF, SF, NYG/SF, UNC, BAMA, BAL, BUF",,242,100,242,won,2023-09-21,NYG @ SF: SF -560 (win); NYG @ SF: (1H) SF -387 (win); NYG @ SF:  (loss); UNC @ PITT: UNC -1 -108 (win); MISS @ BAMA: BAMA -1 -106 (win); IND @ BAL: BAL -2 -106 (loss); BUF @ WAS: BUF -0.5 -108 (win)
1094,2023-09-24,Football,NFL,PHI @ TB / BUF @ WAS / LA @ CIN +2 more,parlay,2-leg parlay: PHI -225 + BUF -295 + CIN -130 + BUF PK -110 + LAC +7 -112 + SEA +0.5 -110,"PHI, BUF, CIN, BUF, LAC, SEA",,169,60,101.4,lost,2023-09-24,PHI @ TB: PHI -225 (win); BUF @ WAS: BUF -295 (win); LA @ CIN: CIN -130 (win); BUF @ WAS: BUF PK -110 (win); LAC @ MIN: LAC +7 -112 (win); CAR @ SEA: SEA +0.5 -110 (win)
1095,2023-09-24,Football,NFL,CAR @ SEA,parlay,2-leg parlay: SEA -225 + ,"SEA, CAR/SEA",,175,60,105,lost,2023-09-24,CAR @ SEA: SEA -225 (win); CAR @ SEA:  (loss)
1096,2023-09-24,Football,NFL,PIT @ LV,parlay,2-leg parlay: LV -150 + ,"LV, PIT/LV",,130,100,130,lost,2023-09-24,PIT @ LV: LV -150 (loss); PIT @ LV:  (win)
1097,2023-09-28,Football,NFL,LV @ LAC / DET @ GB,parlay,3-leg parlay: LAC -238 + GB +3.5 -106,"LAC, GB",,185,100,185,won,2023-09-28,LV @ LAC: LAC -238 (win); DET @ GB: GB +3.5 -106 (loss)
1098,2023-10-01,Football,NFL,MIN @ CAR / LV @ LAC / NE @ DAL,parlay,2-leg parlay: MIN -188 + LAC -250 + DAL -300,"MIN, LAC, DAL",,141,100,141,won,2023-10-01,MIN @ CAR: MIN -188 (win); LV @ LAC: LAC -250 (win); NE @ DAL: DAL -300 (win)
1099,2023-10-01,Multi,NCAAF/NFL,LV @ LAC / BAL @ CLE / KC @ NYJ +3 more,parlay,3-leg parlay: LAC -290 + BAL -125 + KC @ NYJ: u47.5 -109 + KC -2 -110 + ORST -3.5 -110 + UNC -2.5 -110 + WSU +9.5 -107,"LAC, BAL, KC, KC, ORST, UNC, WSU",,243,100,243,lost,2023-10-01,LV @ LAC: LAC -290 (win); BAL @ CLE: BAL -125 (win); KC @ NYJ: KC @ NYJ: u47.5 -109 (win); KC @ NYJ: KC -2 -110 (win); ORST @ CAL: ORST -3.5 -110 (win); SYR @ UNC: UNC -2.5 -110 (win); WSU @ UCLA: WSU +9.5 -107 (win)
1100,2023-10-08,Football,NFL,PHI @ LA / JAC @ BUF / CIN @ ARI,parlay,2-leg parlay: PHI -218 + BUF -250 + CIN -166,"PHI, BUF, CIN",,137,150,205.5,won,2023-10-08,PHI @ LA: PHI -218 (win); JAC @ BUF: BUF -250 (loss); CIN @ ARI: CIN -166 (win)
1101,2023-10-08,Football,NFL,CIN @ ARI / PHI @ LA,parlay,2-leg parlay: CIN -170 + PHI -205,"CIN, PHI",,264,50,132,lost,2023-10-08,CIN @ ARI: CIN -170 (win); PHI @ LA: PHI -205 (win)
1102,2023-10-12,Football,NFL,DEN @ KC,parlay,2-leg parlay: DEN @ KC: u47 -110 + DEN +10.5 -110,"DEN, DEN",,264,50,132,lost,2023-10-12,DEN @ KC: DEN @ KC: u47 -110 (win); DEN @ KC: DEN +10.5 -110 (loss)
1103,2023-10-12,Multi,NCAAF/NFL,DEN @ KC / ARI @ WSU / AUB @ LSU +1 more,parlay,4-leg parlay: DEN +10.5 -110 + DEN @ KC: o47.5 -118 + WSU -2 -109 + LSU -5 -110 + COLO -5.5 -110,"DEN, DEN, WSU, LSU, COLO",,320,100,320,lost,2023-10-12,DEN @ KC: DEN +10.5 -110 (loss); DEN @ KC: DEN @ KC: o47.5 -118 (loss); ARI @ WSU: WSU -2 -109 (loss); AUB @ LSU: LSU -5 -110 (win); STAN @ COLO: COLO -5.5 -110 (loss)
1104,2023-10-14,Multi,NCAAF/NFL,ARI @ WSU / UCLA @ ORST / MIA @ UNC +3 more,parlay,2-leg parlay: WSU -316 + ORST -192 + UNC -185 + PHI -275 + PHI -1 -109 + WAS +8.5 -110 + HOU +7.5 -107,"WSU, ORST, UNC, PHI, PHI, WAS, HOU",,443,25,110.75,lost,2023-10-14,ARI @ WSU: WSU -316 (loss); UCLA @ ORST: ORST -192 (win); MIA @ UNC: UNC -185 (win); PHI @ NYJ: PHI -275 (loss); PHI @ NYJ: PHI -1 -109 (loss); WAS @ ATL: WAS +8.5 -110 (win); NO @ HOU: HOU +7.5 -107 (win)
1105,2023-10-15,Football,NFL,IND @ JAC / NO @ HOU,parlay,2-leg parlay: IND +165 + HOU +105,"IND, HOU",,361,25,90.25,lost,2023-10-15,IND @ JAC: IND +165 (loss); NO @ HOU: HOU +105 (win)
1106,2023-10-15,Football,NFL,NO @ HOU / SEA @ CIN,parlay,3-leg parlay: HOU +105 + SEA +125,"HOU, SEA",,1122,25,280.5,lost,2023-10-15,NO @ HOU: HOU +105 (win); SEA @ CIN: SEA +125 (loss)
1107,2023-10-15,Football,NFL,NO @ HOU / SEA @ CIN / IND @ JAC,parlay,2-leg parlay: HOU +105 + SEA +125 + IND +165,"HOU, SEA, IND",,496,25,124,lost,2023-10-15,NO @ HOU: HOU +105 (win); SEA @ CIN: SEA +125 (loss); IND @ JAC: IND +165 (loss)
1108,2023-10-15,Football,NFL,IND @ JAC / SEA @ CIN,parlay,5-leg parlay: IND +165 + SEA +125,"IND, SEA",,1100,27,297,lost,2023-10-15,IND @ JAC: IND +165 (loss); SEA @ CIN: SEA +125 (loss)
1109,2023-10-15,Football,NFL,SEA @ CIN,parlay,2-leg parlay:  +  +  +  + SEA +130,"SEA/CIN, SEA/CIN, SEA/CIN, SEA/CIN, SEA",,264,40,105.6,won,2023-10-15,SEA @ CIN:  (win); SEA @ CIN:  (win); SEA @ CIN:  (win); SEA @ CIN:  (loss); SEA @ CIN: SEA +130 (loss)
1110,2023-10-15,Football,NFL,PHI @ NYJ,parlay,2-leg parlay: NYJ +7 -112 + PHI @ NYJ: u41 -110,"NYJ, PHI",,190,100,190,won,2023-10-15,PHI @ NYJ: NYJ +7 -112 (win); PHI @ NYJ: PHI @ NYJ: u41 -110 (win)
1111,2023-10-19,Hockey,NHL,CAR @ SEA / CHI @ COL,parlay,2-leg parlay: SEA +125 + COL -350,"SEA, COL",,179,112,200.48,won,2023-10-19,CAR @ SEA: SEA +125 (win); CHI @ COL: COL -350 (win)
1112,2023-10-22,Football,NFL,LV @ CHI / ARI @ SEA / BUF @ NE +1 more,parlay,2-leg parlay: CHI +120 + SEA -375 + BUF -2.5 -110 + SEA -2 -110 + DET +9 -110,"CHI, SEA, BUF, SEA, DET",,122,200,244,lost,2023-10-22,LV @ CHI: CHI +120 (win); ARI @ SEA: SEA -375 (win); BUF @ NE: BUF -2.5 -110 (loss); ARI @ SEA: SEA -2 -110 (win); DET @ BAL: DET +9 -110 (loss)
1113,2023-10-22,Football,NFL,ARI @ SEA / LV @ CHI,parlay,2-leg parlay: SEA -375 + LV -144,"SEA, LV",,266,250,665,lost,2023-10-22,ARI @ SEA: SEA -375 (win); LV @ CHI: LV -144 (loss)
1114,2023-10-22,Football,NFL,MIA @ PHI / LV @ DET / CHI @ LAC +3 more,parlay,3-leg parlay:  + MIA +140 + DET -2 -110 + LAC -2.5 -110 + BUF +8 -110 + CLE -2 -110 + SEA +12 -110,"MIA/PHI, MIA, DET, LAC, BUF, CLE, SEA",,250,100,250,won,2023-10-22,MIA @ PHI:  (win); MIA @ PHI: MIA +140 (loss); LV @ DET: DET -2 -110 (win); CHI @ LAC: LAC -2.5 -110 (win); BUF @ CIN: BUF +8 -110 (win); ARI @ CLE: CLE -2 -110 (win); SEA @ BAL: SEA +12 -110 (loss)
1115,2023-11-06,Football,NFL,LAC @ NYJ / SF @ JAC / WAS @ SEA,parlay,2-leg parlay: LAC -175 + SF -165 + SEA -275,"LAC, SF, SEA",,124,100,124,lost,2023-11-06,LAC @ NYJ: LAC -175 (win); SF @ JAC: SF -165 (win); WAS @ SEA: SEA -275 (win)
1116,2023-11-12,Multi,NCAAF/NFL,HOU @ CIN / CLE @ BAL / NYJ @ BUF +2 more,parlay,3-leg parlay: CIN -320 + CLE +7 -140 + BUF -1 -112 + WASH +7.5 -110 + SEA +8 -110,"CIN, CLE, BUF, WASH, SEA",,600,50,300,lost,2023-11-12,HOU @ CIN: CIN -320 (loss); CLE @ BAL: CLE +7 -140 (win); NYJ @ BUF: BUF -1 -112 (win); WASH @ ORST: WASH +7.5 -110 (win); SEA @ LA: SEA +8 -110 (win)
1117,2023-11-18,Multi,NCAAF/NFL,SEA @ LA / WASH @ ORST / MIN @ DEN +2 more,parlay,2-leg parlay: SEA +105 + WASH +100 + DEN -150 + DET -1.5 -110 + CLE +8.5 -110,"SEA, WASH, DEN, DET, CLE",,123,200,246,lost,2023-11-18,SEA @ LA: SEA +105 (loss); WASH @ ORST: WASH +100 (win); MIN @ DEN: DEN -150 (win); GB @ DET: DET -1.5 -110 (loss); CLE @ DEN: CLE +8.5 -110 (loss)
1118,2023-11-25,Multi,NCAAF/NFL,UNC @ NCST / CAL @ UCLA / ORE @ WASH +3 more,parlay,2-leg parlay: UNC -143 + UCLA -340 + WASH +15.5 -109 + BAMA +11.5 -110 + SEA +15.5 -107 + LOU +7.5 -110,"UNC, UCLA, WASH, BAMA, SEA, LOU",,265,48,127.2,lost,2023-11-25,UNC @ NCST: UNC -143 (loss); CAL @ UCLA: UCLA -340 (loss); ORE @ WASH: WASH +15.5 -109 (win); UGA @ BAMA: BAMA +11.5 -110 (win); SEA @ DAL: SEA +15.5 -107 (win); LOU @ FSU: LOU +7.5 -110 (loss)
1119,2023-12-03,Multi,NCAAF/NFL,KC @ GB / ARMY @ NAVY / LA @ BAL +4 more,parlay,3-leg parlay: (1H) KC -3.5 -110 + KC @ GB: u44 -110 + NAVY +8.5 -104 + ARMY @ NAVY: o22 -111 + BAL -1.5 -109 + BUF +8.5 -110 + PHI +9.5 -115 + BAL -1 -109 + SEA +16.5 -110 + SEA +19.5 -110 + NO +0.5 -110,"KC, KC, NAVY, ARMY, BAL, BUF, PHI, BAL, SEA, SEA, NO",,450,58,261,lost,2023-12-03,KC @ GB: (1H) KC -3.5 -110 (loss); KC @ GB: KC @ GB: u44 -110 (loss); ARMY @ NAVY: NAVY +8.5 -104 (win); ARMY @ NAVY: ARMY @ NAVY: o22 -111 (win); LA @ BAL: BAL -1.5 -109 (win); BUF @ KC: BUF +8.5 -110 (win); PHI @ DAL: PHI +9.5 -115 (loss); LA @ BAL: BAL -1 -109 (win); SEA @ SF: SEA +16.5 -110 (win); SEA @ SF: SEA +19.5 -110 (win); CAR @ NO: NO +0.5 -110 (win)
1120,2023-12-10,Football,NFL,BUF @ KC,parlay,2-leg parlay: BUF -105 +  + ,"BUF, BUF/KC, BUF/KC",,120,100,120,lost,2023-12-10,BUF @ KC: BUF -105 (win); BUF @ KC:  (win); BUF @ KC:  (loss)
1121,2023-12-16,Multi,NCAAF/NFL,GASO @ OHIO / KC @ NE / PIT @ IND +1 more,parlay,3-leg parlay:  +  + KC -2.5 -110 + PIT +7.5 -110 + DEN +10.5 -108,"GASO/OHIO, GASO/OHIO, KC, PIT, DEN",,375,88,330,won,2023-12-16,GASO @ OHIO:  (win); GASO @ OHIO:  (loss); KC @ NE: KC -2.5 -110 (win); PIT @ IND: PIT +7.5 -110 (loss); DEN @ DET: DEN +10.5 -108 (loss)
1122,2023-12-16,Football,NFL,WAS @ LA / PHI @ SEA / DEN @ DET +1 more,parlay,2-leg parlay: LA -295 + SEA +152 + DET -250 + SEA +9 -115 + NE +14 -110 + LA -0.5 -110,"LA, SEA, DET, SEA, NE, LA",,153,100,153,won,2023-12-16,WAS @ LA: LA -295 (win); PHI @ SEA: SEA +152 (win); DEN @ DET: DET -250 (win); PHI @ SEA: SEA +9 -115 (win); KC @ NE: NE +14 -110 (win); WAS @ LA: LA -0.5 -110 (win)
1123,2023-12-19,Multi,NCAAF/NFL,UTSA @ MRSH / GB @ CAR,parlay,2-leg parlay:  + GB -230,"UTSA/MRSH, GB",,102,100,102,won,2023-12-19,UTSA @ MRSH:  (win); GB @ CAR: GB -230 (win)
1124,2023-12-23,Multi,NCAAF/NFL,JMU @ AFA / BUF @ LAC / NE @ DEN +3 more,parlay,2-leg parlay: AFA -127 + BUF -800 + DEN -0.5 -108 + PIT +8 -118 + BUF -6 -115 + IND +9 -105 + DAL +8 -110 + DEN -1 -105,"AFA, BUF, DEN, PIT, BUF, IND, DAL, DEN",,-103,200,194.18,lost,2023-12-23,JMU @ AFA: AFA -127 (win); BUF @ LAC: BUF -800 (win); NE @ DEN: DEN -0.5 -108 (loss); CIN @ PIT: PIT +8 -118 (win); BUF @ LAC: BUF -6 -115 (loss); IND @ ATL: IND +9 -105 (loss); DAL @ MIA: DAL +8 -110 (win); NE @ DEN: DEN -1 -105 (loss)
1125,2023-12-24,Football,NFL,GB @ CAR / NE @ DEN / LV @ KC +3 more,parlay,2-leg parlay: GB -198 + DEN -355 + LV +17 -110 + BAL +12 -110 + LV @ KC: o34.5 -110 + CLE -1 -110 + GB +8 -110 + BAL +12.5 -110,"GB, DEN, LV, BAL, LV, CLE, GB, BAL",,310,100,310,won,2023-12-24,GB @ CAR: GB -198 (win); NE @ DEN: DEN -355 (loss); LV @ KC: LV +17 -110 (win); BAL @ SF: BAL +12 -110 (win); LV @ KC: LV @ KC: o34.5 -110 (loss); NYJ @ CLE: CLE -1 -110 (win); GB @ MIN: GB +8 -110 (win); BAL @ SF: BAL +12.5 -110 (win)
1126,2023-12-27,Football,NCAAF,TA&M @ OKST / LOU @ USC,parlay,3-leg parlay: OKST -190 + USC +168,"OKST, USC",,225,100,225,won,2023-12-27,TA&M @ OKST: OKST -190 (win); LOU @ USC: USC +168 (win)
1127,2023-12-28,Multi,NCAAF/NFL,DET @ DAL / RUT @ MIA / CIN @ KC,parlay,2-leg parlay: DAL -260 + RUT -128 + KC -340,"DAL, RUT, KC",,433,100,433,lost,2023-12-28,DET @ DAL: DAL -260 (win); RUT @ MIA: RUT -128 (win); CIN @ KC: KC -340 (win)
1128,2024-01-01,Football,NCAAF,BAMA @ MICH / TEX @ WASH,parlay,3-leg parlay: BAMA +105 + WASH +160,"BAMA, WASH",,400,100,400,lost,2024-01-01,BAMA @ MICH: BAMA +105 (loss); TEX @ WASH: WASH +160 (win)
1129,2024-01-08,Multi,NCAAF/NFL,WASH @ MICH / LA @ DET / PIT @ BUF +3 more,parlay,3-leg parlay:  + WASH +179 +  + LA +9 -105 + BUF -3 -110 + GB +13 -110 + HOU +8.5 -102 + MIA +11 -105,"WASH/MICH, WASH, WASH/MICH, LA, BUF, GB, HOU, MIA",,1120,25,280,lost,2024-01-08,WASH @ MICH:  (loss); WASH @ MICH: WASH +179 (loss); WASH @ MICH:  (loss); LA @ DET: LA +9 -105 (win); PIT @ BUF: BUF -3 -110 (win); GB @ DAL: GB +13 -110 (win); CLE @ HOU: HOU +8.5 -102 (win); MIA @ KC: MIA +11 -105 (loss)
1130,2024-01-13,Football,NFL,MIA @ KC / CLE @ HOU,parlay,2-leg parlay: MIA +200 + HOU +114 + CLE @ HOU: o45 -111,"MIA, HOU, CLE",,220,298,655.6,won,2024-01-13,MIA @ KC: MIA +200 (loss); CLE @ HOU: HOU +114 (win); CLE @ HOU: CLE @ HOU: o45 -111 (win)
1131,2024-01-14,Football,NFL,GB @ DAL / LA @ DET,parlay,2-leg parlay: GB +7 -105 + DET -173,"GB, DET",,-107,214,200,lost,2024-01-14,GB @ DAL: GB +7 -105 (win); LA @ DET: DET -173 (win)
1132,2024-01-15,Football,NFL,PIT @ BUF / PHI @ TB,parlay,3-leg parlay: BUF -604 + PHI -165,"BUF, PHI",,105,200,210,won,2024-01-15,PIT @ BUF: BUF -604 (win); PHI @ TB: PHI -165 (loss)
1133,2024-01-20,Multi,NCAAB/NFL,ALA @ TENN / HOU @ BAL / GB @ SF,parlay,2-leg parlay: TENN -218 + BAL -425 + SF -490,"TENN, BAL, SF",,130,200,260,lost,2024-01-20,ALA @ TENN: TENN -218 (win); HOU @ BAL: BAL -425 (win); GB @ SF: SF -490 (win)
1134,2024-01-21,Football,NFL,TB @ DET / KC @ BUF,parlay,2-leg parlay: DET -297 + BUF -152,"DET, BUF",,106,100,106,won,2024-01-21,TB @ DET: DET -297 (win); KC @ BUF: BUF -152 (loss)
1135,2024-01-24,Basketball,NCAAB,CSU @ NEV / UNM @ SJSU,parlay,3-leg parlay: NEV -164 + UNM -436,"NEV, UNM",,102,200,204,won,2024-01-24,CSU @ NEV: NEV -164 (win); UNM @ SJSU: UNM -436 (win)
1136,2024-01-27,Multi,NCAAB/NFL,GTWN @ PROV / TEX @ BYU / DET @ SF,parlay,6-leg parlay: PROV -786 + BYU -315 + SF -368,"PROV, BYU, SF",,850,288,2448,lost,2024-01-27,GTWN @ PROV: PROV -786 (win); TEX @ BYU: BYU -315 (win); DET @ SF: SF -368 (win)
1137,2024-01-28,Multi,NCAAB/NFL,DET @ SF / PUR @ RUTG / MEM @ UAB +2 more,parlay,3-leg parlay: SF -380 + PUR -594 + MEM -191 + CONN -770 + BAL -4 -114 + KC @ BAL: u44.5 -111,"SF, PUR, MEM, CONN, BAL, KC",,112,100,112,won,2024-01-28,DET @ SF: SF -380 (win); PUR @ RUTG: PUR -594 (win); MEM @ UAB: MEM -191 (loss); XAV @ CONN: CONN -770 (win); KC @ BAL: BAL -4 -114 (loss); KC @ BAL: KC @ BAL: u44.5 -111 (win)
1138,2024-03-23,Basketball,NCAAB,USU @ PUR / WSU @ ISU / NW @ CONN,parlay,4-leg parlay: PUR -693 +  + CONN -1303,"PUR, WSU/ISU, CONN",,156,100,156,won,2024-03-23,USU @ PUR: PUR -693 (win); WSU @ ISU:  (win); NW @ CONN: CONN -1303 (win)
1139,2024-03-23,Basketball,NCAAB,NW @ CONN / OAK @ NCST / USU @ PUR,parlay,3-leg parlay: CONN -1303 +  +  + PUR -693,"CONN, OAK/NCST, OAK/NCST, PUR",,-129,129,100,lost,2024-03-23,NW @ CONN: CONN -1303 (win); OAK @ NCST:  (win); OAK @ NCST:  (win); USU @ PUR: PUR -693 (win)
1140,2024-03-23,Basketball,NCAAB,NW @ CONN / USU @ PUR / ORE @ CREI,parlay,2-leg parlay: CONN -1300 + PUR -650 + ,"CONN, PUR, ORE/CREI",,111,100,111,lost,2024-03-23,NW @ CONN: CONN -1300 (win); USU @ PUR: PUR -650 (win); ORE @ CREI:  (loss)
1141,2024-09-06,Multi,NCAAF/NFL,GB @ PHI / BYU @ SMU,parlay,2-leg parlay: PHI -130 + SMU -527,"PHI, SMU",,167,100,167,lost,2024-09-06,GB @ PHI: PHI -130 (win); BYU @ SMU: SMU -527 (loss)
1142,2024-09-08,Football,NFL,NE @ CIN / DAL @ CLE,parlay,3-leg parlay: CIN -377 + DAL +110,"CIN, DAL",,131,300,393,lost,2024-09-08,NE @ CIN: CIN -377 (loss); DAL @ CLE: DAL +110 (win)
1143,2024-09-08,Football,NFL,NE @ CIN / DEN @ SEA / ARI @ BUF,parlay,2-leg parlay: CIN -387 + SEA -265 + BUF -302,"CIN, SEA, BUF",,-108,100,92.59,lost,2024-09-08,NE @ CIN: CIN -387 (loss); DEN @ SEA: SEA -265 (win); ARI @ BUF: BUF -302 (win)
1144,2024-09-08,Football,NFL,NE @ CIN / JAC @ MIA,parlay,2-leg parlay: CIN -390 + MIA -187,"CIN, MIA",,151,100,151,won,2024-09-08,NE @ CIN: CIN -390 (loss); JAC @ MIA: MIA -187 (win)
1145,2024-09-08,Football,NFL,HOU @ IND / JAC @ MIA,parlay,2-leg parlay: (Live) HOU -165 + (Live) MIA -180,"HOU, MIA",,168,230,386.4,won,2024-09-08,HOU @ IND: (Live) HOU -165 (win); JAC @ MIA: (Live) MIA -180 (win)
1146,2024-09-08,Football,NFL,LA @ DET / TB @ DET / LV @ BAL,parlay,2-leg parlay: LA @ DET: u54 -111 + DET -242 + DET -1.5 -109 + BAL -2.5 -112,"LA, DET, DET, BAL",,119,200,238,lost,2024-09-08,LA @ DET: LA @ DET: u54 -111 (win); LA @ DET: DET -242 (win); TB @ DET: DET -1.5 -109 (loss); LV @ BAL: BAL -2.5 -112 (loss)
1147,2024-09-15,Football,NFL,SEA @ NE / SF @ MIN / ATL @ PHI +1 more,parlay,2-leg parlay: SEA -185 + SF -237 + PHI -0.5 -110 + HOU -0.5 -110,"SEA, SF, PHI, HOU",,172,88,151.36,won,2024-09-15,SEA @ NE: SEA -185 (win); SF @ MIN: SF -237 (loss); ATL @ PHI: PHI -0.5 -110 (loss); CHI @ HOU: HOU -0.5 -110 (win)
1148,2024-09-19,Football,NFL,NE @ NYJ / WAS @ CIN / PHI @ NO,parlay,2-leg parlay:  + NYJ -275 + CIN -2 -108 + PHI +9 -115,"NE/NYJ, NYJ, CIN, PHI",,170,100,170,won,2024-09-19,NE @ NYJ:  (win); NE @ NYJ: NYJ -275 (win); WAS @ CIN: CIN -2 -108 (loss); PHI @ NO: PHI +9 -115 (win)
1149,2024-09-26,Football,NFL,DAL @ NYG,parlay,4-leg parlay: DAL -240 + DAL @ NYG: u45 -111,"DAL, DAL",,702,100,702,lost,2024-09-26,DAL @ NYG: DAL -240 (win); DAL @ NYG: DAL @ NYG: u45 -111 (win)
1150,2024-09-28,Multi,NCAAF/NFL,CIN @ TTU / WSU @ BOISE / ARI @ UTAH +4 more,parlay,2-leg parlay: CIN +140 + BOISE -238 + UTAH -355 + UGA -133 + KC -1 -108 + NYJ -1.5 -110 + TB @ ATL: u49.5 -110 + TB +7.5 -110,"CIN, BOISE, UTAH, UGA, KC, NYJ, TB, TB",,106,100,106,won,2024-09-28,CIN @ TTU: CIN +140 (loss); WSU @ BOISE: BOISE -238 (win); ARI @ UTAH: UTAH -355 (loss); UGA @ BAMA: UGA -133 (loss); KC @ LAC: KC -1 -108 (win); DEN @ NYJ: NYJ -1.5 -110 (loss); TB @ ATL: TB @ ATL: u49.5 -110 (loss); TB @ ATL: TB +7.5 -110 (win)
1151,2024-10-05,Football,NCAAF,MIZ @ TA&M / PUR @ WIS,parlay,2-leg parlay: TA&M -132 + WIS -585,"TA&M, WIS",,115,100,115,won,2024-10-05,MIZ @ TA&M: TA&M -132 (win); PUR @ WIS: WIS -585 (win)
1152,2024-10-05,Multi,NCAAF/NFL,MISS @ SC / IND @ JAC,parlay,2-leg parlay: MISS -350 + JAC -150,"MISS, JAC",,118,100,118,lost,2024-10-05,MISS @ SC: MISS -350 (win); IND @ JAC: JAC -150 (win)
1153,2024-10-05,Multi,NCAAF/NFL,USC @ MINN / IND @ JAC / NYJ @ MIN +2 more,parlay,2-leg parlay: USC -311 + JAC -155 + NYJ +8.5 +100 + SEA PK -112 + DAL +8.5 -110,"USC, JAC, NYJ, SEA, DAL",,119,100,119,lost,2024-10-05,USC @ MINN: USC -311 (loss); IND @ JAC: JAC -155 (win); NYJ @ MIN: NYJ +8.5 +100 (win); NYG @ SEA: SEA PK -112 (loss); DAL @ PIT: DAL +8.5 -110 (win)
1154,2024-10-06,Football,NFL,LV @ DEN / NYG @ SEA / DAL @ PIT,parlay,2-leg parlay: DEN -150 + SEA -320 + DAL +8.5 -105 + DAL @ PIT: u49.5 -110,"DEN, SEA, DAL, DAL",,235,100,235,lost,2024-10-06,LV @ DEN: DEN -150 (win); NYG @ SEA: SEA -320 (loss); DAL @ PIT: DAL +8.5 -105 (win); DAL @ PIT: DAL @ PIT: u49.5 -110 (win)
1155,2024-10-11,Football,NCAAF,UTAH @ ASU / NW @ UMD,parlay,3-leg parlay: (Live) UTAH -10.5 +170 + UMD -415,"UTAH, UMD",,150,300,450,won,2024-10-11,UTAH @ ASU: (Live) UTAH -10.5 +170 (loss); NW @ UMD: UMD -415 (loss)
1156,2024-10-13,Football,NFL,HOU @ NE / CIN @ NYG / CLE @ PHI +1 more,parlay,3-leg parlay: HOU -300 + CIN -190 + PHI -440 + DEN +9 -115 + HOU -1 -110,"HOU, CIN, PHI, DEN, HOU",,208,100,208,won,2024-10-13,HOU @ NE: HOU -300 (win); CIN @ NYG: CIN -190 (win); CLE @ PHI: PHI -440 (win); LAC @ DEN: DEN +9 -115 (win); HOU @ NE: HOU -1 -110 (win)
1157,2024-10-17,Multi,MLB/NFL,NE @ JAC / CIN @ CLE / NYY @ CLE,parlay,3-leg parlay: JAC -230 + CIN -250 + CLE +1.5 -185,"JAC, CIN, CLE",,148,100,148,lost,2024-10-17,NE @ JAC: JAC -230 (win); CIN @ CLE: CIN -250 (win); NYY @ CLE: CLE +1.5 -185 (win)
1158,2024-10-19,Football,NCAAF,NCST @ CAL / NEB @ IU / ND @ GT,parlay,2-leg parlay: CAL -395 + NEB +7.5 -150 + ND -535,"CAL, NEB, ND",,114,100,114,lost,2024-10-19,NCST @ CAL: CAL -395 (loss); NEB @ IU: NEB +7.5 -150 (loss); ND @ GT: ND -535 (win)
1159,2024-10-19,Multi,NCAAF/NFL,CHA @ NAVY / TEN @ BUF,parlay,3-leg parlay: CHA +17 -130 + BUF -480,"CHA, BUF",,382,60,229.2,lost,2024-10-19,CHA @ NAVY: CHA +17 -130 (loss); TEN @ BUF: BUF -480 (win)
1160,2024-10-21,Football,NFL,MIN @ LA / BAL @ TB,parlay,2-leg parlay: MIN @ LA: u47.5 -110 + MIN -157 + BAL -185,"MIN, MIN, BAL",,175,100,175,won,2024-10-21,MIN @ LA: MIN @ LA: u47.5 -110 (loss); MIN @ LA: MIN -157 (loss); BAL @ TB: BAL -185 (win)
1161,2024-10-25,Football,NCAAF,BOISE @ UNLV / RUT @ USC,parlay,2-leg parlay: BOISE -204 + USC -13.5 -120,"BOISE, USC",,102,250,255,lost,2024-10-25,BOISE @ UNLV: BOISE -204 (win); RUT @ USC: USC -13.5 -120 (win)
1162,2024-10-25,Multi,NCAAF/NFL,BYU @ UCF / RUT @ USC / IND @ HOU +7 more,parlay,2-leg parlay: UCF -141 + USC -659 + HOU PK -110 + SEA +9 -110 + HOU +8 -104 + SEA +7.5 -110 + CIN -1 -112 + KC -2 -111 + CIN +12 -105 + HOU +9.5 -110,"UCF, USC, HOU, SEA, HOU, SEA, CIN, KC, CIN, HOU",,110,100,110,lost,2024-10-25,BYU @ UCF: UCF -141 (loss); RUT @ USC: USC -659 (win); IND @ HOU: HOU PK -110 (win); BUF @ SEA: SEA +9 -110 (loss); HOU @ NYJ: HOU +8 -104 (push); LA @ SEA: SEA +7.5 -110 (win); LV @ CIN: CIN -1 -112 (win); DEN @ KC: KC -2 -111 (push); CIN @ BAL: CIN +12 -105 (win); DET @ HOU: HOU +9.5 -110 (win)
1163,2024-11-09,Football,NCAAF,SYR @ BC / MIA @ GT,parlay,2-leg parlay: BC -127 + MIA -401,"BC, MIA",,110,100,110,lost,2024-11-09,SYR @ BC: BC -127 (win); MIA @ GT: MIA -401 (loss)
1164,2024-11-09,Football,NCAAF,OU @ MIZ / MIA @ GT,parlay,2-leg parlay: OU -146 + MIA -401,"OU, MIA",,106,100,106,lost,2024-11-09,OU @ MIZ: OU -146 (loss); MIA @ GT: MIA -401 (loss)
1165,2024-11-09,Multi,NCAAF/NFL,DEN @ KC / OU @ MIZ / WAS @ PHI +1 more,parlay,5-leg parlay: KC -400 + OU -154 + WAS +9.5 -110 + KC +8.5 -110,"KC, OU, WAS, KC",,224,180,403.2,lost,2024-11-09,DEN @ KC: KC -400 (win); OU @ MIZ: OU -154 (loss); WAS @ PHI: WAS +9.5 -110 (win); KC @ BUF: KC +8.5 -110 (loss)
1166,2024-11-15,Football,NCAAF,UCLA @ WASH / UAB @ MEM / TENN @ UGA +2 more,parlay,2-leg parlay: WASH -188 + MEM -718 + UGA -367 + ORE -584 + WSU -394,"WASH, MEM, UGA, ORE, WSU",,107,100,107,won,2024-11-15,UCLA @ WASH: WASH -188 (win); UAB @ MEM: MEM -718 (win); TENN @ UGA: UGA -367 (win); ORE @ WIS: ORE -584 (win); WSU @ UNM: WSU -394 (loss)
1167,2024-11-16,Football,NCAAF,KU @ BYU / TEX @ ARK,parlay,2-leg parlay: KU +3 -135 + TEX -522,"KU, TEX",,123,100,123,won,2024-11-16,KU @ BYU: KU +3 -135 (win); TEX @ ARK: TEX -522 (win)
1168,2024-11-17,Football,NFL,HOU @ DAL / ATL @ DEN / CIN @ LAC +1 more,parlay,4-leg parlay: HOU -380 + DEN -130 + CIN +7.5 -110 + SF -0.5 -110,"HOU, DEN, CIN, SF",,1148,84,964.32,lost,2024-11-17,HOU @ DAL: HOU -380 (win); ATL @ DEN: DEN -130 (win); CIN @ LAC: CIN +7.5 -110 (win); SEA @ SF: SF -0.5 -110 (loss)
1169,2024-11-28,Multi,NCAAF/NFL,MEM @ TULN / CHI @ DET / NYG @ DAL +1 more,parlay,2-leg parlay: MEM @ TULN: o54 -110 + CHI +10 -120 + NYG +4 -110 + MIA +3.5 -115,"MEM, CHI, NYG, MIA",,157,150,235.5,lost,2024-11-28,MEM @ TULN: MEM @ TULN: o54 -110 (win); CHI @ DET: CHI +10 -120 (win); NYG @ DAL: NYG +4 -110 (loss); MIA @ GB: MIA +3.5 -115 (loss)
1170,2024-12-01,Football,NFL,PIT @ CIN / HOU @ JAC,parlay,5-leg parlay: CIN -155 + HOU -180,"CIN, HOU",,974,100,974,won,2024-12-01,PIT @ CIN: CIN -155 (loss); HOU @ JAC: HOU -180 (win)
1171,2024-12-07,Multi,NCAAF/NFL,CHI @ SF / SEA @ ARI / ATL @ MIN +2 more,parlay,2-leg parlay: SF -163 + SEA +147 + MIN -264 + KC -240 + ORE -158,"SF, SEA, MIN, KC, ORE",,131,600,786,won,2024-12-07,CHI @ SF: SF -163 (win); SEA @ ARI: SEA +147 (win); ATL @ MIN: MIN -264 (win); LAC @ KC: KC -240 (win); PSU @ ORE: ORE -158 (win)
1172,2024-12-07,Multi,NCAAF/NFL,PSU @ ORE / LAC @ KC,parlay,4-leg parlay: ORE -158 + KC -240,"ORE, KC",,1350,150,2025,lost,2024-12-07,PSU @ ORE: ORE -158 (win); LAC @ KC: KC -240 (win)
1173,2024-12-15,Football,NFL,DAL @ CAR / MIA @ HOU / GB @ SEA +1 more,parlay,4-leg parlay: DAL +120 + HOU -155 + SEA +125 + LAC -150,"DAL, HOU, SEA, LAC",,310,320,992,won,2024-12-15,DAL @ CAR: DAL +120 (win); MIA @ HOU: HOU -155 (win); GB @ SEA: SEA +125 (loss); TB @ LAC: LAC -150 (loss)
1174,2024-12-15,Football,NFL,WAS @ NO / CIN @ TEN / MIA @ HOU +1 more,parlay,2-leg parlay: WAS -395 + CIN -258 + HOU -155 + KC -230,"WAS, CIN, HOU, KC",,305,328,1000.4,won,2024-12-15,WAS @ NO: WAS -395 (win); CIN @ TEN: CIN -258 (win); MIA @ HOU: HOU -155 (win); KC @ CLE: KC -230 (win)
1175,2024-12-15,Football,NFL,TB @ LAC / GB @ SEA,parlay,2-leg parlay: TB +140 + GB -162,"TB, GB",,134,269,360.46,lost,2024-12-15,TB @ LAC: TB +140 (win); GB @ SEA: GB -162 (win)
1176,2024-12-21,Multi,NCAAF/NFL,CLEM @ TEX / TB @ DAL / DET @ CHI +1 more,parlay,4-leg parlay: TEX -500 + CLEM @ TEX: u49 -110 + DAL +10 -105 + DET -0.5 -112 + SEA +9 -109,"TEX, CLEM, DAL, DET, SEA",,820,250,2050,won,2024-12-21,CLEM @ TEX: TEX -500 (win); CLEM @ TEX: CLEM @ TEX: u49 -110 (loss); TB @ DAL: DAL +10 -105 (win); DET @ CHI: DET -0.5 -112 (win); MIN @ SEA: SEA +9 -109 (win)
1177,2024-12-24,Multi,NCAAF/NFL,LAC @ NE / SEA @ CHI / KC @ PIT +5 more,parlay,3-leg parlay: LAC -312 + SEA -225 + KC -2 -110 + USF +115 + IND -0.5 -105 + ATL +10 -116 + GB +7.5 -110 + PHI -0.5 -108,"LAC, SEA, KC, USF, IND, ATL, GB, PHI",,520,150,780,lost,2024-12-24,LAC @ NE: LAC -312 (win); SEA @ CHI: SEA -225 (win); KC @ PIT: KC -2 -110 (win); USF @ SJSU: USF +115 (win); IND @ NYG: IND -0.5 -105 (loss); ATL @ WAS: ATL +10 -116 (win); GB @ MIN: GB +7.5 -110 (win); DAL @ PHI: PHI -0.5 -108 (win)
1178,2025-01-01,Football,NCAAF,ND @ UGA / TEX @ ASU / OSU @ ORE,parlay,2-leg parlay: UGA -105 + ASU +13.5 +100 + OSU -137,"UGA, ASU, OSU",,265,100,265,lost,2025-01-01,ND @ UGA: UGA -105 (loss); TEX @ ASU: ASU +13.5 +100 (win); OSU @ ORE: OSU -137 (win)
1179,2025-01-09,Multi,NCAAF/NFL,ND @ PSU / LA @ PHI / CIN @ CLE +3 more,parlay,2-leg parlay: PSU -1 -110 + ND @ PSU: u45.5 -110 + PHI -1 -115 + LA @ PHI: o37.5 -105 + CIN +1.5 -114 + SEA +7.5 -110 + BUF +7 -111 + DEN -3 -112,"PSU, ND, PHI, LA, CIN, SEA, BUF, DEN",,182,113,205.66,won,2025-01-09,ND @ PSU: PSU -1 -110 (loss); ND @ PSU: ND @ PSU: u45.5 -110 (loss); LA @ PHI: PHI -1 -115 (win); LA @ PHI: LA @ PHI: o37.5 -105 (win); CIN @ CLE: CIN +1.5 -114 (win); SF @ SEA: SEA +7.5 -110 (win); BAL @ BUF: BUF +7 -111 (win); TEN @ DEN: DEN -3 -112 (win)
1180,2025-09-08,Football,NFL,MIN @ CHI / WAS @ GB / BUF @ NYJ +2 more,parlay,3-leg parlay: MIN -120 + GB -185 + BUF PK +100 + GB +3 -112 + SEA +9 -115 + KC +7 -112,"MIN, GB, BUF, GB, SEA, KC",,653,50,326.5,lost,2025-09-08,MIN @ CHI: MIN -120 (win); WAS @ GB: GB -185 (win); BUF @ NYJ: BUF PK +100 (win); WAS @ GB: GB +3 -112 (win); SEA @ PIT: SEA +9 -115 (win); PHI @ KC: KC +7 -112 (win)
1181,2025-09-11,Football,NFL,BUF @ NYJ / WAS @ GB / PHI @ KC +4 more,parlay,4-leg parlay: BUF -275 + GB -3.7 +190 + KC +1 -110 + BUF -0.5 -110 + DAL PK -110 + DET PK -110 + KC +7 -112 + KC PK -108 + GB -1.5 -105,"BUF, GB, KC, BUF, DAL, DET, KC, KC, GB",,333,100,333,lost,2025-09-11,BUF @ NYJ: BUF -275 (win); WAS @ GB: GB -3.7 +190 (win); PHI @ KC: KC +1 -110 (loss); BUF @ NYJ: BUF -0.5 -110 (win); NYG @ DAL: DAL PK -110 (win); CHI @ DET: DET PK -110 (win); PHI @ KC: KC +7 -112 (win); KC @ NYG: KC PK -108 (win); GB @ CLE: GB -1.5 -105 (loss)
1182,2025-09-21,Football,NFL,GB @ CLE / HOU @ JAC / KC @ NYG +2 more,parlay,3-leg parlay: GB -425 + HOU +105 + KC -300 + SEA -360 + SEA -1 -105 + DAL +7.5 -110 + KC +0.5 -113,"GB, HOU, KC, SEA, SEA, DAL, KC",,327,100,327,lost,2025-09-21,GB @ CLE: GB -425 (loss); HOU @ JAC: HOU +105 (loss); KC @ NYG: KC -300 (win); NO @ SEA: SEA -360 (win); NO @ SEA: SEA -1 -105 (win); DAL @ CHI: DAL +7.5 -110 (loss); KC @ NYG: KC +0.5 -113 (win)
1183,2025-10-04,Multi,MLB/NCAAF/NFL,TB @ SEA / DET @ SEA / WASH @ UMD,parlay,3-leg parlay: SEA -3.5 -110 + SEA -198 + WASH -210,"SEA, SEA, WASH",,132,200,264,won,2025-10-04,TB @ SEA: SEA -3.5 -110 (loss); DET @ SEA: SEA -198 (loss); WASH @ UMD: WASH -210 (win)
1184,2025-10-25,Football,NCAAF,ILL @ WASH / BAMA @ SC / COLO @ UTAH,parlay,2-leg parlay: WASH -150 + BAMA -420 + UTAH -600,"WASH, BAMA, UTAH",,264,100,264,lost,2025-10-25,ILL @ WASH: WASH -150 (win); BAMA @ SC: BAMA -420 (win); COLO @ UTAH: UTAH -600 (win)
1185,2025-10-25,Football,NCAAF,TOL @ WSU,parlay,2-leg parlay: WSU +1 -110 + TOL @ WSU: o45 -112,"WSU, TOL",,111,200,222,lost,2025-10-25,TOL @ WSU: WSU +1 -110 (win); TOL @ WSU: TOL @ WSU: o45 -112 (loss)
1186,2025-10-25,Multi,NCAAF/NFL,BYU @ ISU / BAMA @ SC / BUF @ CAR +4 more,parlay,2-leg parlay: ISU -135 + BAMA -475 + BUF -1 +105 + SF +9 -110 + PHI -1 -105 + BUF -1 -115 + PIT +9 -118 + DAL +9.5 -110,"ISU, BAMA, BUF, SF, PHI, BUF, PIT, DAL",,113,400,452,won,2025-10-25,BYU @ ISU: ISU -135 (loss); BAMA @ SC: BAMA -475 (win); BUF @ CAR: BUF -1 +105 (win); SF @ HOU: SF +9 -110 (loss); NYG @ PHI: PHI -1 -105 (win); BUF @ CAR: BUF -1 -115 (win); GB @ PIT: PIT +9 -118 (loss); DAL @ DEN: DAL +9.5 -110 (loss)
1187,2025-10-30,Multi,NBA/NFL,BAL @ MIA / MIA @ SAS,parlay,3-leg parlay: BAL -3.5 -205 + SAS -230,"BAL, SAS",,292,150,438,won,2025-10-30,BAL @ MIA: BAL -3.5 -205 (win); MIA @ SAS: SAS -230 (win)
1188,2025-10-31,Multi,MLB/NCAAF,LAD @ TOR / MEM @ RICE,parlay,2-leg parlay: LAD @ TOR: u7.5 -113 + MEM -590 + LAD -128,"LAD, MEM, LAD",,114,250,285,won,2025-10-31,LAD @ TOR: LAD @ TOR: u7.5 -113 (win); MEM @ RICE: MEM -590 (win); LAD @ TOR: LAD -128 (win)
1189,2025-10-31,Multi,MLB/NCAAF,MEM @ RICE / LAD @ TOR,parlay,2-leg parlay: MEM -590 + LAD @ TOR: u7.5 -120,"MEM, LAD",,109,250,272.5,lost,2025-10-31,MEM @ RICE: MEM -590 (win); LAD @ TOR: LAD @ TOR: u7.5 -120 (win)
1190,2025-11-01,Football,NCAAF,DUKE @ CLEM / SC @ MISS,parlay,2-leg parlay: CLEM -135 + MISS -500,"CLEM, MISS",,110,500,550,won,2025-11-01,DUKE @ CLEM: CLEM -135 (loss); SC @ MISS: MISS -500 (win)
1191,2025-11-01,Football,NCAAF,VAN @ TEX / WYO @ SDSU,parlay,2-leg parlay: TEX -139 + SDSU -450,"TEX, SDSU",,139,250,347.5,won,2025-11-01,VAN @ TEX: TEX -139 (win); WYO @ SDSU: SDSU -450 (win)
1192,2025-11-01,Multi,MLB/NCAAF,UGA @ FLA / LAD @ TOR,parlay,2-leg parlay: UGA -285 + TOR +1.5 -130,"UGA, TOR",,363,250,907.5,lost,2025-11-01,UGA @ FLA: UGA -285 (win); LAD @ TOR: TOR +1.5 -130 (win)
1193,2025-11-01,Multi,NCAAF/NFL,FRES @ BOISE / UGA @ FLA / IND @ PIT +5 more,parlay,2-leg parlay: (Live) BOISE +150 + (Live) UGA -3.5 -117 + (Live) PIT +9 -115 + (Live) MIN +15.5 -113 + (Live) ATL +11.5 -117 + (Live) DEN +8.5 -116 + LV +7.5 +100 + BUF +8 -115,"BOISE, UGA, PIT, MIN, ATL, DEN, LV, BUF",,122,250,305,won,2025-11-01,FRES @ BOISE: (Live) BOISE +150 (loss); UGA @ FLA: (Live) UGA -3.5 -117 (win); IND @ PIT: (Live) PIT +9 -115 (win); MIN @ DET: (Live) MIN +15.5 -113 (win); ATL @ NE: (Live) ATL +11.5 -117 (win); DEN @ HOU: (Live) DEN +8.5 -116 (win); JAC @ LV: LV +7.5 +100 (win); KC @ BUF: BUF +8 -115 (win)
1194,2025-11-05,Multi,NBA/NCAAF/NFL,NIU @ TOL / HOU @ MEM / LV @ DEN,parlay,2-leg parlay: TOL -674 +  + LV +15 -105 + LV @ DEN: u49 +102,"TOL, HOU/MEM, LV, LV",,100,400,400,won,2025-11-05,NIU @ TOL: TOL -674 (win); HOU @ MEM:  (win); LV @ DEN: LV +15 -105 (win); LV @ DEN: LV @ DEN: u49 +102 (win)
1195,2025-11-07,Multi,NCAAB/NCAAF,KU @ UNC / NW @ USC,parlay,2-leg parlay: UNC -138 + USC -600,"UNC, USC",,124,400,496,lost,2025-11-07,KU @ UNC: UNC -138 (win); NW @ USC: USC -600 (win)
1196,2025-11-07,Multi,NBA/NCAAF,NW @ USC / GSW @ DEN,parlay,5-leg parlay: USC -600 + ,"USC, GSW/DEN",,195,500,975,lost,2025-11-07,NW @ USC: USC -600 (win); GSW @ DEN:  (loss)
1197,2025-11-08,Multi,NCAAF/NFL,ISU @ TCU / SMU @ BC / UGA @ MSST +4 more,parlay,5-leg parlay: TCU -292 + SMU -425 + UGA -352 + TTU -500 + IU -590 + SF +10.5 -110 + WAS +14 -110,"TCU, SMU, UGA, TTU, IU, SF, WAS",,630,500,3150,won,2025-11-08,ISU @ TCU: TCU -292 (loss); SMU @ BC: SMU -425 (win); UGA @ MSST: UGA -352 (win); BYU @ TTU: TTU -500 (win); IU @ PSU: IU -590 (win); LA @ SF: SF +10.5 -110 (loss); DET @ WAS: WAS +14 -110 (loss)
1198,2025-11-14,Multi,NCAAB/NCAAF,NCST @ MIA / LT @ WSU / ARIZ @ UCLA +2 more,parlay,2-leg parlay: MIA -650 + WSU -350 + ARIZ -125 + UGA -230 + CLEM +2 -110,"MIA, WSU, ARIZ, UGA, CLEM",,142,500,710,lost,2025-11-14,NCST @ MIA: MIA -650 (win); LT @ WSU: WSU -350 (win); ARIZ @ UCLA: ARIZ -125 (win); TEX @ UGA: UGA -230 (win); CLEM @ LOU: CLEM +2 -110 (win)
1199,2025-11-15,Football,NCAAF,OU @ BAMA / TCU @ BYU,parlay,3-leg parlay: BAMA -220 + BYU -150,"BAMA, BYU",,233,500,1165,won,2025-11-15,OU @ BAMA: BAMA -220 (loss); TCU @ BYU: BYU -150 (win)
1200,2025-11-15,Football,NCAAF,TCU @ BYU / TEX @ UGA / LT @ WSU,parlay,5-leg parlay: BYU -150 + UGA -175 + WSU -375,"BYU, UGA, WSU",,623,500,3115,won,2025-11-15,TCU @ BYU: BYU -150 (win); TEX @ UGA: UGA -175 (win); LT @ WSU: WSU -375 (win)
1201,2025-11-16,Football,NFL,TB @ BUF / BAL @ CLE / SEA @ LA +2 more,parlay,5-leg parlay: BUF -275 + BAL -450 + SEA +3 +100 + PHI -145 + GB -350,"BUF, BAL, SEA, PHI, GB",,468,500,2340,won,2025-11-16,TB @ BUF: BUF -275 (win); BAL @ CLE: BAL -450 (win); SEA @ LA: SEA +3 +100 (win); DET @ PHI: PHI -145 (win); GB @ NYG: GB -350 (win)
1202,2025-11-16,Football,NFL,GB @ NYG / TB @ BUF / SEA @ LA +2 more,parlay,2-leg parlay: GB -350 + BUF -275 + LA -175 + BAL -450 + PHI -145,"GB, BUF, LA, BAL, PHI",,120,500,600,won,2025-11-16,GB @ NYG: GB -350 (win); TB @ BUF: BUF -275 (win); SEA @ LA: LA -175 (win); BAL @ CLE: BAL -450 (win); DET @ PHI: PHI -145 (win)
1203,2025-11-16,Football,NFL,LAC @ JAC / BAL @ CLE,parlay,2-leg parlay: JAC +3 -125 + BAL -450,"JAC, BAL",,116,500,580,lost,2025-11-16,LAC @ JAC: JAC +3 -125 (win); BAL @ CLE: BAL -450 (win)
1204,2025-11-16,Football,NFL,CHI @ MIN / TB @ BUF / GB @ NYG +2 more,parlay,2-leg parlay: MIN -155 + BUF -320 + BUF PK -115 + GB -1 -110 + BAL -2 -110 + SEA +9 -102,"MIN, BUF, BUF, GB, BAL, SEA",,175,400,700,lost,2025-11-16,CHI @ MIN: MIN -155 (loss); TB @ BUF: BUF -320 (win); TB @ BUF: BUF PK -115 (win); GB @ NYG: GB -1 -110 (win); BAL @ CLE: BAL -2 -110 (win); SEA @ LA: SEA +9 -102 (win)
1205,2025-11-17,Football,NFL,DAL @ LV,parlay,2-leg parlay:  + DAL -200,"DAL/LV, DAL",,131,500,655,lost,2025-11-17,DAL @ LV:  (loss); DAL @ LV: DAL -200 (win)
1206,2025-11-20,Multi,NCAAF/NFL,UNM @ AFA / BUF @ HOU,parlay,2-leg parlay: UNM -159 + BUF -240,"UNM, BUF",,105,500,525,won,2025-11-20,UNM @ AFA: UNM -159 (win); BUF @ HOU: BUF -240 (loss)
1207,2025-11-22,Football,NCAAF,KU @ ISU / MIZ @ OU,parlay,4-leg parlay: (Live) ISU -420 + (Live) OU -155,"ISU, OU",,139,500,695,won,2025-11-22,KU @ ISU: (Live) ISU -420 (win); MIZ @ OU: (Live) OU -155 (win)
1208,2025-11-22,Football,NCAAF,MICH @ UMD / ARK @ TEX / UK @ VAN +1 more,parlay,3-leg parlay: MICH -600 + TEX -325 + VAN -350 + SDSU -475,"MICH, TEX, VAN, SDSU",,147,500,735,won,2025-11-22,MICH @ UMD: MICH -600 (win); ARK @ TEX: TEX -325 (win); UK @ VAN: VAN -350 (win); SJSU @ SDSU: SDSU -475 (win)
1209,2025-11-22,Multi,NCAAF/NFL,ARK @ TEX / MICH @ UMD / UNM @ AFA +5 more,parlay,4-leg parlay: TEX -327 + MICH -587 + UNM -165 + GB -0.5 -110 + SF -1 -115 + CIN +12 -112 + NE @ CIN: o45.5 -105 + ARI +9 +100 + PIT +8.5 -105,"TEX, MICH, UNM, GB, SF, CIN, NE, ARI, PIT",,118,500,590,lost,2025-11-22,ARK @ TEX: TEX -327 (win); MICH @ UMD: MICH -587 (win); UNM @ AFA: UNM -165 (win); MIN @ GB: GB -0.5 -110 (win); CAR @ SF: SF -1 -115 (win); NE @ CIN: CIN +12 -112 (win); NE @ CIN: NE @ CIN: o45.5 -105 (win); JAC @ ARI: ARI +9 +100 (win); PIT @ CHI: PIT +8.5 -105 (win)
1210,2025-11-23,Football,NFL,CLE @ LV / NYG @ DET / NYJ @ BAL +1 more,parlay,4-leg parlay: LV -185 + DET -950 + BAL -1200 + SEA -900,"LV, DET, BAL, SEA",,120,500,600,won,2025-11-23,CLE @ LV: LV -185 (loss); NYG @ DET: DET -950 (win); NYJ @ BAL: BAL -1200 (win); SEA @ TEN: SEA -900 (win)
1211,2025-11-23,Football,NFL,SEA @ TEN / NYJ @ BAL / IND @ KC +3 more,parlay,2-leg parlay: SEA -900 + BAL -1200 + KC -185 + DET -950 + SF -1 -102 + (Live) TB +13 -120,"SEA, BAL, KC, DET, SF, TB",,112,500,560,lost,2025-11-23,SEA @ TEN: SEA -900 (win); NYJ @ BAL: BAL -1200 (win); IND @ KC: KC -185 (win); NYG @ DET: DET -950 (win); CAR @ SF: SF -1 -102 (win); TB @ LA: (Live) TB +13 -120 (loss)
1212,2025-11-26,Multi,NCAAB/NFL,HALL @ WSU / KU @ TENN / GB @ DET +1 more,parlay,4-leg parlay: HALL -500 + TENN -4.5 -130 + GB +9 -105 + CIN +13.5 +100,"HALL, TENN, GB, CIN",,333,300,999,lost,2025-11-26,HALL @ WSU: HALL -500 (win); KU @ TENN: TENN -4.5 -130 (loss); GB @ DET: GB +9 -105 (win); CIN @ BAL: CIN +13.5 +100 (win)
1213,2025-11-27,Football,NFL,GB @ DET / CIN @ BAL / CHI @ PHI +1 more,parlay,2-leg parlay: DET -150 + BAL -350 + PHI -340 + KC -185,"DET, BAL, PHI, KC",,129,500,645,lost,2025-11-27,GB @ DET: DET -150 (loss); CIN @ BAL: BAL -350 (loss); CHI @ PHI: PHI -340 (loss); KC @ DAL: KC -185 (loss)
1214,2025-11-27,Football,NFL,CIN @ BAL / KC @ DAL,parlay,3-leg parlay: BAL -400 + (2H) KC -4 -120,"BAL, KC",,151,500,755,lost,2025-11-27,CIN @ BAL: BAL -400 (loss); KC @ DAL: (2H) KC -4 -120 (loss)
1215,2025-11-27,Football,NFL,KC @ DAL / CIN @ BAL / CHI @ PHI,parlay,5-leg parlay: KC -190 + BAL -375 + PHI -350,"KC, BAL, PHI",,231,300,693,lost,2025-11-27,KC @ DAL: KC -190 (loss); CIN @ BAL: BAL -375 (loss); CHI @ PHI: PHI -350 (loss)
1216,2025-11-28,Multi,NCAAF/NFL,OHIO @ BUFF / MIA @ PITT / UGA @ GT +4 more,parlay,2-leg parlay: (Live) OHIO -255 + MIA -265 + UGA -750 + MRSH -400 + (Live) UTAH -450 + SEA -4 -112 + PHI -1 -111,"OHIO, MIA, UGA, MRSH, UTAH, SEA, PHI",,125,500,625,lost,2025-11-28,OHIO @ BUFF: (Live) OHIO -255 (win); MIA @ PITT: MIA -265 (win); UGA @ GT: UGA -750 (win); GASO @ MRSH: MRSH -400 (loss); UTAH @ KU: (Live) UTAH -450 (win); MIN @ SEA: SEA -4 -112 (win); CHI @ PHI: PHI -1 -111 (loss)
1217,2025-11-28,Football,NCAAF,ORST @ WSU / AFA @ CSU,parlay,3-leg parlay: WSU -599 + ,"WSU, AFA/CSU",,213,500,1065,won,2025-11-28,ORST @ WSU: WSU -599 (win); AFA @ CSU:  (loss)
1218,2025-11-28,Football,NCAAF,BOISE @ USU / TA&M @ TEX / ARI @ ASU,parlay,5-leg parlay: USU +7.5 -220 + TEX +7.5 -245 + ARI +3.5 -190,"USU, TEX, ARI",,438,300,1314,lost,2025-11-28,BOISE @ USU: USU +7.5 -220 (win); TA&M @ TEX: TEX +7.5 -245 (win); ARI @ ASU: ARI +3.5 -190 (win)
1219,2025-11-29,Football,NCAAF,ORE @ WASH / ORST @ WSU / VAN @ TENN +2 more,parlay,2-leg parlay: ORE -270 + WSU -582 + TENN -148 + OU -477 + NMSU -175,"ORE, WSU, TENN, OU, NMSU",,131,500,655,lost,2025-11-29,ORE @ WASH: ORE -270 (win); ORST @ WSU: WSU -582 (win); VAN @ TENN: TENN -148 (loss); LSU @ OU: OU -477 (win); MTSU @ NMSU: NMSU -175 (loss)
1220,2025-11-29,Football,NCAAF,LSU @ OU / ORE @ WASH,parlay,3-leg parlay: OU -475 + WASH +7 -110,"OU, WASH",,151,500,755,won,2025-11-29,LSU @ OU: OU -475 (win); ORE @ WASH: WASH +7 -110 (loss)
1221,2025-11-29,Football,NCAAF,BAMA @ AUB / ORST @ WSU / MIZ @ ARK,parlay,5-leg parlay: BAMA -230 + WSU -600 + MIZ -200,"BAMA, WSU, MIZ",,220,500,1100,won,2025-11-29,BAMA @ AUB: BAMA -230 (win); ORST @ WSU: WSU -600 (win); MIZ @ ARK: MIZ -200 (win)
1222,2025-11-29,Football,NCAAF,UNLV @ NEV / WYO @ HAW / PSU @ RUT +2 more,parlay,2-leg parlay: UNLV -325 + HAW -325 + PSU -595 + WSU -567 + ILL -285,"UNLV, HAW, PSU, WSU, ILL",,107,500,535,won,2025-11-29,UNLV @ NEV: UNLV -325 (win); WYO @ HAW: HAW -325 (win); PSU @ RUT: PSU -595 (win); ORST @ WSU: WSU -567 (win); NW @ ILL: ILL -285 (win)
1223,2025-11-29,Football,NCAAF,ORST @ WSU / UNLV @ NEV,parlay,5-leg parlay: WSU -600 + UNLV -7 -130,"WSU, UNLV",,270,300,810,won,2025-11-29,ORST @ WSU: WSU -600 (win); UNLV @ NEV: UNLV -7 -130 (win)
1224,2025-11-29,Football,NCAAF,WYO @ HAW / BAMA @ AUB / ORST @ WSU +2 more,parlay,3-leg parlay: HAW -320 + BAMA -275 + WSU -650 + ILL -260 + UNLV -325 + HAW -2 -110 + UNLV -2.5 -110,"HAW, BAMA, WSU, ILL, UNLV, HAW, UNLV",,285,500,1425,lost,2025-11-29,WYO @ HAW: HAW -320 (win); BAMA @ AUB: BAMA -275 (win); ORST @ WSU: WSU -650 (win); NW @ ILL: ILL -260 (win); UNLV @ NEV: UNLV -325 (win); WYO @ HAW: HAW -2 -110 (win); UNLV @ NEV: UNLV -2.5 -110 (win)
1225,2025-11-30,Football,NFL,HOU @ IND / MIN @ SEA / ARI @ TB,parlay,3-leg parlay: IND +115 + SEA -833 + (Live) TB -425,"IND, SEA, TB",,103,500,515,won,2025-11-30,HOU @ IND: IND +115 (loss); MIN @ SEA: SEA -833 (win); ARI @ TB: (Live) TB -425 (win)
1226,2025-11-30,Football,NFL,LV @ LAC / MIN @ SEA / ARI @ TB,parlay,3-leg parlay: LAC -526 + SEA -800 + TB -175,"LAC, SEA, TB",,122,500,610,lost,2025-11-30,LV @ LAC: LAC -526 (win); MIN @ SEA: SEA -800 (win); ARI @ TB: TB -175 (win)
1227,2025-11-30,Football,NFL,MIN @ SEA / HOU @ IND / LV @ LAC +2 more,parlay,3-leg parlay: SEA -800 + IND +115 + LAC -526 + PIT +9 -105 + NYJ +9 -107,"SEA, IND, LAC, PIT, NYJ",,-103,500,485.44,won,2025-11-30,MIN @ SEA: SEA -800 (win); HOU @ IND: IND +115 (loss); LV @ LAC: LAC -526 (win); BUF @ PIT: PIT +9 -105 (loss); ATL @ NYJ: NYJ +9 -107 (win)
1228,2025-11-30,Football,NFL,SF @ CLE / MIN @ SEA / LV @ LAC,parlay,2-leg parlay: SF -225 + SEA -800 + LAC -556,"SF, SEA, LAC",,250,200,500,lost,2025-11-30,SF @ CLE: SF -225 (win); MIN @ SEA: SEA -800 (win); LV @ LAC: LAC -556 (win)
1229,2025-11-30,Football,NFL,MIN @ SEA / LV @ LAC,parlay,2-leg parlay: SEA -800 + LV +3.5 +210,"SEA, LV",,328,150,492,lost,2025-11-30,MIN @ SEA: SEA -800 (win); LV @ LAC: LV +3.5 +210 (loss)
1230,2025-11-30,Football,NFL,LV @ LAC / MIN @ SEA,parlay,3-leg parlay: LAC -525 + MIN +3.5 +260,"LAC, MIN",,216,250,540,won,2025-11-30,LV @ LAC: LAC -525 (win); MIN @ SEA: MIN +3.5 +260 (loss)
1231,2025-11-30,Football,NFL,LV @ LAC / BUF @ PIT,parlay,3-leg parlay: LAC -526 +  + BUF -172,"LAC, BUF/PIT, BUF",,105,500,525,lost,2025-11-30,LV @ LAC: LAC -526 (win); BUF @ PIT:  (win); BUF @ PIT: BUF -172 (win)
1232,2025-12-01,Multi,NBA/NCAAB/NFL,PHX @ LAL / TEM @ VILL / NYG @ NE,parlay,3-leg parlay: LAL -195 + VILL -1100 + NE -330,"LAL, VILL, NE",,120,886,1063.2,lost,2025-12-01,PHX @ LAL: LAL -195 (loss); TEM @ VILL: VILL -1100 (win); NYG @ NE: NE -330 (win)
1233,2025-12-01,Multi,NCAAF/NFL,NYG @ NE / BYU @ TTU / IU @ OSU,parlay,4-leg parlay: NE -360 + TTU -575 + OSU -215,"NE, TTU, OSU",,117,1000,1170,lost,2025-12-01,NYG @ NE: NE -360 (win); BYU @ TTU: TTU -575 (win); IU @ OSU: OSU -215 (loss)
1234,2025-12-02,Basketball,NCAAB,IOWA @ MSU / TENN @ SYR / VALP @ MARQ +1 more,parlay,2-leg parlay: MSU -238 + TENN -280 + (1H) MARQ -1100 + PSU -1100,"MSU, TENN, MARQ, PSU",,192,500,960,won,2025-12-02,IOWA @ MSU: MSU -238 (win); TENN @ SYR: TENN -280 (loss); VALP @ MARQ: (1H) MARQ -1100 (loss); CAMP @ PSU: PSU -1100 (win)
1235,2025-12-03,Multi,NCAAB/NFL,DAL @ DET / UCLA @ WASH,parlay,2-leg parlay: DET -155 + UCLA -130,"DET, UCLA",,145,500,725,lost,2025-12-03,DAL @ DET: DET -155 (win); UCLA @ WASH: UCLA -130 (win)
1236,2025-12-04,Multi,NCAAB/NFL,USU @ USF / DAL @ DET,parlay,5-leg parlay: USF -135 + DAL +7.5 -245,"USF, DAL",,226,500,1130,lost,2025-12-04,USU @ USF: USF -135 (win); DAL @ DET: DAL +7.5 -245 (loss)
1237,2025-12-04,Multi,NCAAF/NFL,DAL @ DET / SEA @ ATL / BYU @ TTU +2 more,parlay,3-leg parlay: DAL +7.5 -255 + SEA -355 + TTU -525 + DEN -425 + LA -417,"DAL, SEA, TTU, DEN, LA",,194,500,970,lost,2025-12-04,DAL @ DET: DAL +7.5 -255 (loss); SEA @ ATL: SEA -355 (win); BYU @ TTU: TTU -525 (win); DEN @ LV: DEN -425 (win); LA @ ARI: LA -417 (win)
1238,2025-12-04,Football,NFL,PIT @ BAL / CIN @ BUF / DAL @ DET,parlay,5-leg parlay: BAL -280 + BUF -275 + DET -170,"BAL, BUF, DET",,321,500,1605,lost,2025-12-04,PIT @ BAL: BAL -280 (loss); CIN @ BUF: BUF -275 (win); DAL @ DET: DET -170 (win)
1239,2025-12-05,Football,NCAAF,DUKE @ UVA / BYU @ TTU / TROY @ JMU +2 more,parlay,3-leg parlay: UVA -182 + TTU -525 + (Live) JMU -4645 + BOISE -232 + OSU -199,"UVA, TTU, JMU, BOISE, OSU",,141,500,705,lost,2025-12-05,DUKE @ UVA: UVA -182 (loss); BYU @ TTU: TTU -525 (win); TROY @ JMU: (Live) JMU -4645 (win); UNLV @ BOISE: BOISE -232 (win); IU @ OSU: OSU -199 (loss)
1240,2025-12-06,Multi,NCAAF/NFL,BYU @ TTU / PHI @ LAC / LA @ ARI,parlay,5-leg parlay: TTU -550 + PHI -155 + LA -425,"TTU, PHI, LA",,450,500,2250,lost,2025-12-06,BYU @ TTU: TTU -550 (win); PHI @ LAC: PHI -155 (loss); LA @ ARI: LA -425 (win)
1241,2025-12-06,Multi,NCAAB/NCAAF/NFL,AUB @ ARIZ / SEA @ ATL / UGA @ BAMA +2 more,parlay,3-leg parlay: ARIZ -455 + SEA -340 + UGA -120 + LA -440 + USC -199,"ARIZ, SEA, UGA, LA, USC",,141,500,705,lost,2025-12-06,AUB @ ARIZ: ARIZ -455 (win); SEA @ ATL: SEA -340 (win); UGA @ BAMA: UGA -120 (win); LA @ ARI: LA -440 (win); WASH @ USC: USC -199 (loss)
1242,2025-12-06,Football,NCAAF,UGA @ BAMA,parlay,4-leg parlay: BAMA +7.5 -255,BAMA,,185,500,925,won,2025-12-06,UGA @ BAMA: BAMA +7.5 -255 (loss)
1243,2025-12-06,Multi,NCAAF/NFL,LA @ ARI / DUKE @ UVA / CIN @ BUF +1 more,parlay,4-leg parlay: LA -476 + DUKE +10.5 -240 + BUF -275 + DEN -410,"LA, DUKE, BUF, DEN",,395,500,1975,lost,2025-12-06,LA @ ARI: LA -476 (win); DUKE @ UVA: DUKE +10.5 -240 (win); CIN @ BUF: BUF -275 (win); DEN @ LV: DEN -410 (win)
1244,2025-12-06,Multi,NCAAF/NFL,LA @ ARI / IU @ OSU / HOU @ KC +1 more,parlay,2-leg parlay: LA -476 + IU +10.5 -225 + KC -194 + PHI -2.5 -115,"LA, IU, KC, PHI",,140,500,700,lost,2025-12-06,LA @ ARI: LA -476 (win); IU @ OSU: IU +10.5 -225 (win); HOU @ KC: KC -194 (loss); PHI @ LAC: PHI -2.5 -115 (loss)
1245,2025-12-06,Football,NCAAF,DUKE @ UVA / IU @ OSU,parlay,5-leg parlay: UVA -170 + OSU -195,"UVA, OSU",,235,500,1175,lost,2025-12-06,DUKE @ UVA: UVA -170 (loss); IU @ OSU: OSU -195 (loss)
1246,2025-12-07,Football,NFL,SEA @ ATL / LA @ ARI / DEN @ LV,parlay,2-leg parlay: SEA -313 + LA -476 + DEN -410,"SEA, LA, DEN",,126,500,630,lost,2025-12-07,SEA @ ATL: SEA -313 (win); LA @ ARI: LA -476 (win); DEN @ LV: DEN -410 (win)
1247,2025-12-07,Football,NFL,CIN @ BUF / CHI @ GB / NO @ TB +5 more,parlay,2-leg parlay: CIN +11.5 -110 + CHI +12.5 -105 + TB -2.5 -105 + BAL -0.5 -110 + SEA -1 -110 + DEN -1.5 -110 + LAC +9 -105 + HOU +9.5 -118,"CIN, CHI, TB, BAL, SEA, DEN, LAC, HOU",,138,500,690,lost,2025-12-07,CIN @ BUF: CIN +11.5 -110 (win); CHI @ GB: CHI +12.5 -105 (win); NO @ TB: TB -2.5 -105 (loss); PIT @ BAL: BAL -0.5 -110 (loss); SEA @ ATL: SEA -1 -110 (win); DEN @ LV: DEN -1.5 -110 (win); PHI @ LAC: LAC +9 -105 (win); HOU @ KC: HOU +9.5 -118 (win)
1248,2025-12-08,Multi,NBA/NCAAB,SOU @ TEX / SAS @ NOP,parlay,3-leg parlay: SOU +21.5 -112 + SAS -390,"SOU, SAS",,105,500,525,won,2025-12-08,SOU @ TEX: SOU +21.5 -112 (loss); SAS @ NOP: SAS -390 (win)
1249,2025-12-09,Multi,NBA/NCAAB,VILL @ MICH / PSU @ IND / NYK @ TOR,parlay,6-leg parlay: MICH -1667 + IND -1200 + NYK -4.5 -125,"MICH, IND, NYK",,284,500,1420,lost,2025-12-09,VILL @ MICH: MICH -1667 (win); PSU @ IND: IND -1200 (win); NYK @ TOR: NYK -4.5 -125 (win)
1250,2025-12-11,Multi,NFL/NHL,ATL @ TB / ARI @ HOU / TEN @ SF +3 more,parlay,5-leg parlay: TB -260 + HOU -500 + SF -800 + SEA -900 + WPG -145 + PHI -700,"TB, HOU, SF, SEA, WPG, PHI",,127,500,635,lost,2025-12-11,ATL @ TB: TB -260 (loss); ARI @ HOU: HOU -500 (win); TEN @ SF: SF -800 (win); IND @ SEA: SEA -900 (win); BOS @ WPG: WPG -145 (loss); LV @ PHI: PHI -700 (win)
1251,2025-12-11,Football,NFL,ARI @ HOU / IND @ SEA / ATL @ TB +2 more,parlay,4-leg parlay: HOU -500 + SEA -900 + TB -260 + PHI -700 + SF -800,"HOU, SEA, TB, PHI, SF",,251,500,1255,won,2025-12-11,ARI @ HOU: HOU -500 (win); IND @ SEA: SEA -900 (win); ATL @ TB: TB -260 (loss); LV @ PHI: PHI -700 (win); TEN @ SF: SF -800 (win)
1252,2025-12-12,Multi,NCAAB/NCAAF/NFL,LV @ PHI / TEX @ CONN / ARI @ HOU +1 more,parlay,2-leg parlay: PHI -750 + TEX @ CONN: u145.5 -110 + HOU -550 + NAVY -260,"PHI, TEX, HOU, NAVY",,132,500,660,won,2025-12-12,LV @ PHI: PHI -750 (win); TEX @ CONN: TEX @ CONN: u145.5 -110 (win); ARI @ HOU: HOU -550 (win); ARMY @ NAVY: NAVY -260 (win)
1253,2025-12-12,Multi,NCAAB/NCAAF,ETSU @ PEAY / BOISE @ WASH,parlay,3-leg parlay: PEAY +4 -125 + WASH -350,"PEAY, WASH",,186,500,930,lost,2025-12-12,ETSU @ PEAY: PEAY +4 -125 (win); BOISE @ WASH: WASH -350 (win)
1254,2025-12-13,Football,NCAAF,BOISE @ WASH / ARMY @ NAVY / UNLV @ OHIO,parlay,4-leg parlay: WASH -320 + NAVY -250 + UNLV -180,"WASH, NAVY, UNLV",,140,500,700,won,2025-12-13,BOISE @ WASH: WASH -320 (win); ARMY @ NAVY: NAVY -250 (win); UNLV @ OHIO: UNLV -180 (loss)
1255,2025-12-13,Multi,NCAAF/NFL,BOISE @ WASH / ARI @ HOU / LV @ PHI +1 more,parlay,3-leg parlay: WASH -335 + HOU -500 + PHI -750 + NAVY -250,"WASH, HOU, PHI, NAVY",,147,500,735,lost,2025-12-13,BOISE @ WASH: WASH -335 (win); ARI @ HOU: HOU -500 (win); LV @ PHI: PHI -750 (win); ARMY @ NAVY: NAVY -250 (win)
1256,2025-12-13,Football,NCAAF,ARMY @ NAVY / MIA @ TA&M / TULN @ MISS,parlay,5-leg parlay: NAVY -240 + TA&M -185 + MISS -800,"NAVY, TA&M, MISS",,164,500,820,lost,2025-12-13,ARMY @ NAVY: NAVY -240 (win); MIA @ TA&M: TA&M -185 (loss); TULN @ MISS: MISS -800 (win)
1257,2025-12-13,Multi,NCAAB/NFL,IND @ SEA / LV @ PHI / TEN @ SF +2 more,parlay,3-leg parlay: SEA -1111 + PHI -850 + SF -909 + ILL -530 + NCST -148,"SEA, PHI, SF, ILL, NCST",,140,500,700,won,2025-12-13,IND @ SEA: SEA -1111 (win); LV @ PHI: PHI -850 (win); TEN @ SF: SF -909 (win); NEB @ ILL: ILL -530 (loss); KU @ NCST: NCST -148 (loss)
1258,2025-12-13,Football,NCAAF,TULN @ MISS / BOISE @ WASH / JMU @ ORE,parlay,3-leg parlay: MISS -900 + WASH -8.5 -110 + ORE -1800,"MISS, WASH, ORE",,169,500,845,lost,2025-12-13,TULN @ MISS: MISS -900 (win); BOISE @ WASH: WASH -8.5 -110 (win); JMU @ ORE: ORE -1800 (win)
1259,2025-12-13,Multi,NCAAB/NFL,LV @ PHI / UCLA @ GONZ / TEN @ SF +2 more,parlay,4-leg parlay: PHI -850 + UCLA +9.5 -110 + SF -900 + CIN +8.5 -110 + DEN +8.5 -110,"PHI, UCLA, SF, CIN, DEN",,160,500,800,lost,2025-12-13,LV @ PHI: PHI -850 (win); UCLA @ GONZ: UCLA +9.5 -110 (loss); TEN @ SF: SF -900 (win); BAL @ CIN: CIN +8.5 -110 (loss); GB @ DEN: DEN +8.5 -110 (win)
1260,2025-12-14,Football,NFL,LAC @ KC / TEN @ SF / LV @ PHI +5 more,parlay,6-leg parlay: KC -5.5 -111 + SF -850 + PHI -800 + SEA -1100 + LAC +10.5 -110 + DEN +8.5 -110 + DEN +8.5 -110 + DET +12 -110 + CHI -1.5 -110 + CIN +8.5 -110 + SF -6.5 -111,"KC, SF, PHI, SEA, LAC, DEN, DEN, DET, CHI, CIN, SF",,230,500,1150,won,2025-12-14,LAC @ KC: KC -5.5 -111 (loss); TEN @ SF: SF -850 (win); LV @ PHI: PHI -800 (win); IND @ SEA: SEA -1100 (win); LAC @ KC: LAC +10.5 -110 (win); GB @ DEN: DEN +8.5 -110 (win); GB @ DEN: DEN +8.5 -110 (win); DET @ LA: DET +12 -110 (win); CLE @ CHI: CHI -1.5 -110 (win); BAL @ CIN: CIN +8.5 -110 (loss); TEN @ SF: SF -6.5 -111 (win)
1261,2025-12-14,Football,NFL,TEN @ SF / BAL @ CIN / LV @ PHI +3 more,parlay,3-leg parlay: SF -950 + BAL -150 + PHI -833 + HOU -500 + JAC -1000 + SEA -1100,"SF, BAL, PHI, HOU, JAC, SEA",,155,500,775,won,2025-12-14,TEN @ SF: SF -950 (win); BAL @ CIN: BAL -150 (win); LV @ PHI: PHI -833 (win); ARI @ HOU: HOU -500 (win); NYJ @ JAC: JAC -1000 (win); IND @ SEA: SEA -1100 (win)
1262,2025-12-14,Football,NFL,LV @ PHI / ARI @ HOU / BAL @ CIN,parlay,3-leg parlay: PHI -750 + HOU -500 + BAL -2.5 +105,"PHI, HOU, BAL",,115,500,575,lost,2025-12-14,LV @ PHI: PHI -750 (win); ARI @ HOU: HOU -500 (win); BAL @ CIN: BAL -2.5 +105 (win)
1263,2025-12-14,Football,NFL,TEN @ SF / IND @ SEA / CAR @ NO +1 more,parlay,5-leg parlay: (1H) SF -450 + (1H) SEA -390 + NO +7.5 -250 + DET +12 -110 + SF -6.5 -111,"SF, SEA, NO, DET, SF",,343,500,1715,lost,2025-12-14,TEN @ SF: (1H) SF -450 (win); IND @ SEA: (1H) SEA -390 (loss); CAR @ NO: NO +7.5 -250 (win); DET @ LA: DET +12 -110 (win); TEN @ SF: SF -6.5 -111 (win)
1264,2025-12-14,Football,NFL,DET @ LA / TEN @ SF / IND @ SEA,parlay,5-leg parlay: (Live) DET +185 + (1H) SF -450 + SF -850 + (1H) SEA -390 + SEA -650,"DET, SF, SF, SEA, SEA",,500,500,2500,lost,2025-12-14,DET @ LA: (Live) DET +185 (loss); TEN @ SF: (1H) SF -450 (win); TEN @ SF: SF -850 (win); IND @ SEA: (1H) SEA -390 (loss); IND @ SEA: SEA -650 (win)
1265,2025-12-15,Football,NFL,MIA @ PIT / PHI @ WAS / LA @ SEA +1 more,parlay,2-leg parlay: MIA +3.5 -118 + PHI -280 + SEA -105 + BUF -556 + PHI -295,"MIA, PHI, SEA, BUF, PHI",,145,500,725,won,2025-12-15,MIA @ PIT: MIA +3.5 -118 (loss); PHI @ WAS: PHI -280 (win); LA @ SEA: SEA -105 (win); BUF @ CLE: BUF -556 (win); PHI @ WAS: PHI -295 (win)
1266,2025-12-16,Multi,NCAAB/NCAAF,ETSU @ UNC / ODU @ USF,parlay,2-leg parlay: UNC -1667 + ODU +126,"UNC, ODU",,100,500,500,won,2025-12-16,ETSU @ UNC: UNC -1667 (win); ODU @ USF: ODU +126 (win)
1267,2025-12-16,Multi,NCAAB/NCAAF,ETSU @ UNC / TROY @ JVST,parlay,3-leg parlay: UNC -1667 + JVST -110,"UNC, JVST",,173,500,865,won,2025-12-16,ETSU @ UNC: UNC -1667 (win); TROY @ JVST: JVST -110 (win)
1268,2025-12-17,Multi,NCAAF/NFL,LV @ HOU / UL @ DEL / PHI @ WAS +2 more,parlay,2-leg parlay: HOU -1100 + DEL +1.5 -117 + PHI -300 + DET -1 -110 + LA +7.5 -112 + LA +7.5 -112 + PHI -1 -110 + LA @ SEA: u48 -110,"HOU, DEL, PHI, DET, LA, LA, PHI, LA",,104,500,520,lost,2025-12-17,LV @ HOU: HOU -1100 (win); UL @ DEL: DEL +1.5 -117 (win); PHI @ WAS: PHI -300 (win); PIT @ DET: DET -1 -110 (loss); LA @ SEA: LA +7.5 -112 (win); LA @ SEA: LA +7.5 -112 (win); PHI @ WAS: PHI -1 -110 (win); LA @ SEA: LA @ SEA: u48 -110 (loss)
1269,2025-12-18,Football,NCAAF,TULN @ MISS / MOST @ ARST,parlay,3-leg parlay: MISS -1000 + MOST -120,"MISS, MOST",,166,500,830,won,2025-12-18,TULN @ MISS: MISS -1000 (win); MOST @ ARST: MOST -120 (loss)
1270,2025-12-19,Multi,NCAAF/NFL,KENN @ WMU / TULN @ MISS / PHI @ WAS,parlay,3-leg parlay: KENN @ WMU: u48 -120 + MISS -900 + PHI -325,"KENN, MISS, PHI",,200,500,1000,lost,2025-12-19,KENN @ WMU: KENN @ WMU: u48 -120 (win); TULN @ MISS: MISS -900 (win); PHI @ WAS: PHI -325 (win)
1271,2025-12-19,Multi,NCAAF/NFL,TULN @ MISS / MEM @ NCST / PIT @ DET,parlay,3-leg parlay: MISS -900 + MEM @ NCST: o56 -112 + DET -325,"MISS, MEM, DET",,125,500,625,lost,2025-12-19,TULN @ MISS: MISS -900 (win); MEM @ NCST: MEM @ NCST: o56 -112 (loss); PIT @ DET: DET -325 (loss)
1272,2025-12-19,Multi,NCAAF/NFL,TULN @ MISS / LV @ HOU / BAMA @ OU,parlay,4-leg parlay: MISS -900 + HOU -1350 + OU -112,"MISS, HOU, OU",,176,500,880,lost,2025-12-19,TULN @ MISS: MISS -900 (win); LV @ HOU: HOU -1350 (win); BAMA @ OU: OU -112 (loss)
1273,2025-12-20,Multi,NCAAF/NFL,TULN @ MISS / BUF @ CLE / LV @ HOU +1 more,parlay,4-leg parlay: MISS -900 + BUF -575 + HOU -950 + USC -4.5 -110,"MISS, BUF, HOU, USC",,156,500,780,won,2025-12-20,TULN @ MISS: MISS -900 (win); BUF @ CLE: BUF -575 (win); LV @ HOU: HOU -950 (win); USC @ TCU: USC -4.5 -110 (loss)
1274,2025-12-20,Multi,NCAAF/NFL,TULN @ MISS / LV @ HOU / PHI @ WAS,parlay,4-leg parlay: MISS -850 + TULN u20.5 -125 + HOU -1350 + PHI -370,"MISS, TULN, HOU, PHI",,156,500,780,won,2025-12-20,TULN @ MISS: MISS -850 (win); TULN @ MISS: TULN u20.5 -125 (win); LV @ HOU: HOU -1350 (win); PHI @ WAS: PHI -370 (win)
1275,2025-12-20,Multi,NCAAF/NFL,TULN @ MISS / LV @ HOU / PHI @ WAS,parlay,2-leg parlay: TULN u20.5 -120 + MISS -850 + HOU -1350 + (Live) PHI -650,"TULN, MISS, HOU, PHI",,118,250,295,lost,2025-12-20,TULN @ MISS: TULN u20.5 -120 (win); TULN @ MISS: MISS -850 (win); LV @ HOU: HOU -1350 (win); PHI @ WAS: (Live) PHI -650 (win)
1276,2025-12-20,Football,NFL,BUF @ CLE / PHI @ WAS / NE @ BAL,parlay,2-leg parlay: BUF -550 + PHI @ WAS: u45 -111 + PHI PK -110 + NE +9 -115,"BUF, PHI, PHI, NE",,160,500,800,won,2025-12-20,BUF @ CLE: BUF -550 (win); PHI @ WAS: PHI @ WAS: u45 -111 (loss); PHI @ WAS: PHI PK -110 (win); NE @ BAL: NE +9 -115 (win)
1277,2025-12-20,Multi,NCAAF/NFL,SF @ IND / JMU @ ORE,parlay,3-leg parlay: SF -255 + (1H) ORE o17.5 -115,"SF, ORE",,175,500,875,lost,2025-12-20,SF @ IND: SF -255 (win); JMU @ ORE: (1H) ORE o17.5 -115 (win)
1278,2025-12-21,Multi,NCAAF/NFL,PIT @ DET / BUF @ CLE / BAMA @ IU +2 more,parlay,3-leg parlay: DET -275 + BUF -595 + BAMA +7 -115 + SF +0.5 -110 + CAR +9 -112,"DET, BUF, BAMA, SF, CAR",,120,250,300,lost,2025-12-21,PIT @ DET: DET -275 (loss); BUF @ CLE: BUF -595 (win); BAMA @ IU: BAMA +7 -115 (loss); SF @ IND: SF +0.5 -110 (win); TB @ CAR: CAR +9 -112 (win)
1279,2025-12-21,Football,NFL,ATL @ ARI / BUF @ CLE / LV @ HOU +2 more,parlay,2-leg parlay: ATL @ ARI: o45.5 -135 + BUF -550 + HOU -1100 + SF PK -112 + LAC +8 -112,"ATL, BUF, HOU, SF, LAC",,162,500,810,lost,2025-12-21,ATL @ ARI: ATL @ ARI: o45.5 -135 (loss); BUF @ CLE: BUF -550 (win); LV @ HOU: HOU -1100 (win); SF @ IND: SF PK -112 (win); LAC @ DAL: LAC +8 -112 (win)
1280,2025-12-22,Multi,NCAAF/NFL,WSU @ USU / SF @ IND,parlay,3-leg parlay: WSU +1.5 -120 + IND +10.5 -235,"WSU, IND",,250,500,1250,lost,2025-12-22,WSU @ USU: WSU +1.5 -120 (win); SF @ IND: IND +10.5 -235 (loss)
1281,2025-12-22,Multi,NCAAF/NFL,SF @ IND / MIA @ OSU / MISS @ UGA,parlay,2-leg parlay: SF @ IND: u46.5 -106 + OSU -372 + UGA -240,"SF, OSU, UGA",,116,500,580,lost,2025-12-22,SF @ IND: SF @ IND: u46.5 -106 (loss); MIA @ OSU: OSU -372 (loss); MISS @ UGA: UGA -240 (loss)
1282,2025-12-23,Multi,NCAAF/NFL,TOL @ LOU / DEN @ KC,parlay,2-leg parlay: (1H) LOU -7 -105 + DEN -950,"LOU, DEN",,277,250,692.5,lost,2025-12-23,TOL @ LOU: (1H) LOU -7 -105 (loss); DEN @ KC: DEN -950 (win)
1283,2025-12-23,Multi,NCAAF/NFL,DEN @ KC / WKU @ USM,parlay,3-leg parlay: DEN -800 + USM -7.5 +240,"DEN, USM",,177,500,885,lost,2025-12-23,DEN @ KC: DEN -800 (win); WKU @ USM: USM -7.5 +240 (loss)
1284,2025-12-23,Multi,NCAAF/NFL,WKU @ USM / DEN @ KC / DET @ MIN,parlay,3-leg parlay: USM -125 + DEN -1000 + DET -250,"USM, DEN, DET",,170,500,850,lost,2025-12-23,WKU @ USM: USM -125 (loss); DEN @ KC: DEN -1000 (win); DET @ MIN: DET -250 (loss)
1285,2025-12-24,Multi,NCAAF/NFL,CAL @ HAW / DET @ MIN / DEN @ KC +1 more,parlay,4-leg parlay: HAW -104 + DET -365 + DEN -910 + DET -1.5 -105 + HOU +8 -110,"HAW, DET, DEN, DET, HOU",,149,500,745,lost,2025-12-24,CAL @ HAW: HAW -104 (win); DET @ MIN: DET -365 (loss); DEN @ KC: DEN -910 (win); DET @ MIN: DET -1.5 -105 (loss); HOU @ LAC: HOU +8 -110 (win)
1286,2025-12-25,Football,NFL,LA @ ATL / BAL @ GB / DEN @ KC +1 more,parlay,2-leg parlay: LA -450 + GB -172 + DEN -1024 + NE -1100,"LA, GB, DEN, NE",,133,500,665,lost,2025-12-25,LA @ ATL: LA -450 (loss); BAL @ GB: GB -172 (loss); DEN @ KC: DEN -1024 (win); NE @ NYJ: NE -1100 (win)
1287,2025-12-26,Multi,NCAAF/NFL,CMU @ NW / LA @ ATL,parlay,2-leg parlay: CMU +10.5 -110 + LA -450,"CMU, LA",,242,500,1210,lost,2025-12-26,CMU @ NW: CMU +10.5 -110 (loss); LA @ ATL: LA -450 (loss)
1288,2025-12-26,Multi,NCAAF/NFL,FIU @ UTSA / LA @ ATL,parlay,2-leg parlay: FIU +180 + LA -450,"FIU, LA",,110,500,550,won,2025-12-26,FIU @ UTSA: FIU +180 (loss); LA @ ATL: LA -450 (loss)
1289,2025-12-27,Multi,NCAAF/NFL,NE @ NYJ / PITT @ ECU,parlay,2-leg parlay: NE -1050 + PITT @ ECU: u53 -110,"NE, PITT",,112,500,560,lost,2025-12-27,NE @ NYJ: NE -1050 (win); PITT @ ECU: PITT @ ECU: u53 -110 (win)
1290,2025-12-27,Multi,NCAAF/NFL,NE @ NYJ / PSU @ CLEM,parlay,3-leg parlay: NE -900 + CLEM -3 -110,"NE, CLEM",,175,500,875,won,2025-12-27,NE @ NYJ: NE -900 (win); PSU @ CLEM: CLEM -3 -110 (loss)
1291,2025-12-27,Multi,NCAAF/NFL,UCONN @ ARMY / NE @ NYJ / LSU @ HOU +3 more,parlay,5-leg parlay: ARMY -290 + NE -900 + HOU -110 + ARMY -1.5 -105 + BAL +9.5 +100 + HOU +7.5 -105 + NAVY -1 -112,"ARMY, NE, HOU, ARMY, BAL, HOU, NAVY",,238,500,1190,won,2025-12-27,UCONN @ ARMY: ARMY -290 (win); NE @ NYJ: NE -900 (win); LSU @ HOU: HOU -110 (win); UCONN @ ARMY: ARMY -1.5 -105 (win); BAL @ GB: BAL +9.5 +100 (win); HOU @ LAC: HOU +7.5 -105 (win); NAVY @ CIN: NAVY -1 -112 (win)
1292,2025-12-27,Multi,NCAAF/NFL,SEA @ CAR / JAC @ IND / NE @ NYJ +2 more,parlay,2-leg parlay: SEA -320 + JAC -215 + NE -1050 + ARMY -320 + NAVY -285,"SEA, JAC, NE, ARMY, NAVY",,150,500,750,won,2025-12-27,SEA @ CAR: SEA -320 (win); JAC @ IND: JAC -215 (win); NE @ NYJ: NE -1050 (win); UCONN @ ARMY: ARMY -320 (win); NAVY @ CIN: NAVY -285 (win)
1293,2025-12-27,Football,NCAAF,UCONN @ ARMY / UNT @ SDSU,parlay,2-leg parlay: ARMY -290 + SDSU +6 -110,"ARMY, SDSU",,123,500,615,lost,2025-12-27,UCONN @ ARMY: ARMY -290 (win); UNT @ SDSU: SDSU +6 -110 (win)
1294,2025-12-27,Football,NCAAF,GT @ BYU / UVA @ MIZ,parlay,3-leg parlay: BYU -148 + MIZ -299,"BYU, MIZ",,194,500,970,lost,2025-12-27,GT @ BYU: BYU -148 (win); UVA @ MIZ: MIZ -299 (loss)
1295,2025-12-27,Multi,NCAAF/NFL,GT @ BYU / ARI @ CIN / LA @ ATL,parlay,5-leg parlay: (2H) BYU -3.5 -115 + CIN -350 + LA -450,"BYU, CIN, LA",,618,500,3090,lost,2025-12-27,GT @ BYU: (2H) BYU -3.5 -115 (win); ARI @ CIN: CIN -350 (win); LA @ ATL: LA -450 (loss)
1296,2025-12-27,Football,NFL,HOU @ LAC / TB @ MIA / LA @ ATL +2 more,parlay,2-leg parlay: HOU +105 + TB -250 + LA -450 + SEA -345 + SF -162,"HOU, TB, LA, SEA, SF",,112,500,560,lost,2025-12-27,HOU @ LAC: HOU +105 (win); TB @ MIA: TB -250 (loss); LA @ ATL: LA -450 (loss); SEA @ CAR: SEA -345 (win); CHI @ SF: SF -162 (win)
1297,2025-12-27,Multi,NCAAF/NFL,M-OH @ FRES / NE @ NYJ / HOU @ LAC +1 more,parlay,3-leg parlay: M-OH @ FRES: o41 -110 + NE -900 + HOU +7.5 -108 + BAL +9.5 +100,"M-OH, NE, HOU, BAL",,735,300,2205,won,2025-12-27,M-OH @ FRES: M-OH @ FRES: o41 -110 (loss); NE @ NYJ: NE -900 (win); HOU @ LAC: HOU +7.5 -108 (win); BAL @ GB: BAL +9.5 +100 (win)
1298,2025-12-27,Multi,NCAAF/NFL,HOU @ LAC / BAL @ GB / UNT @ SDSU,parlay,2-leg parlay: HOU +105 + BAL +130 + SDSU +7.5 -130,"HOU, BAL, SDSU",,115,500,575,lost,2025-12-27,HOU @ LAC: HOU +105 (win); BAL @ GB: BAL +130 (win); UNT @ SDSU: SDSU +7.5 -130 (win)
1299,2025-12-27,Football,NCAAF,UVA @ MIZ / ARI @ SMU,parlay,2-leg parlay: MIZ -299 + ARI -162,"MIZ, ARI",,152,500,760,won,2025-12-27,UVA @ MIZ: MIZ -299 (loss); ARI @ SMU: ARI -162 (loss)
1300,2025-12-28,Football,NFL,SEA @ CAR / PHI @ BUF,parlay,2-leg parlay: SEA -300 + PHI +3 -120,"SEA, PHI",,176,500,880,won,2025-12-28,SEA @ CAR: SEA -300 (win); PHI @ BUF: PHI +3 -120 (win)
1301,2025-12-28,Football,NFL,TB @ MIA / SEA @ CAR / PIT @ CLE +2 more,parlay,3-leg parlay: (2H) TB -6.5 -110 + (2H) SEA -200 + CLE +9 -105 + JAC -0.5 -110 + LA -2.5 -110 + TB +0.5 -110,"TB, SEA, CLE, JAC, LA, TB",,253,500,1265,lost,2025-12-28,TB @ MIA: (2H) TB -6.5 -110 (win); SEA @ CAR: (2H) SEA -200 (win); PIT @ CLE: CLE +9 -105 (win); JAC @ IND: JAC -0.5 -110 (win); LA @ ATL: LA -2.5 -110 (loss); TB @ MIA: TB +0.5 -110 (loss)
1302,2025-12-28,Football,NFL,PHI @ BUF / LA @ ATL / CHI @ SF,parlay,2-leg parlay: (2H) BUF -6.5 -115 + LA -400 + SF -195,"BUF, LA, SF",,143,500,715,lost,2025-12-28,PHI @ BUF: (2H) BUF -6.5 -115 (win); LA @ ATL: LA -400 (loss); CHI @ SF: SF -195 (win)
1303,2025-12-28,Football,NFL,PHI @ BUF / CHI @ SF / LA @ ATL +2 more,parlay,2-leg parlay: BUF -170 + SF -190 + LA -1 -102 + CAR +9 -102 + SF +7 -110,"BUF, SF, LA, CAR, SF",,188,500,940,lost,2025-12-28,PHI @ BUF: BUF -170 (loss); CHI @ SF: SF -190 (win); LA @ ATL: LA -1 -102 (loss); CAR @ TB: CAR +9 -102 (win); SEA @ SF: SF +7 -110 (loss)
1304,2025-12-30,Football,NCAAF,TENN @ ILL / MIA @ OSU,parlay,4-leg parlay: ILL +120 + OSU -360,"ILL, OSU",,257,500,1285,lost,2025-12-30,TENN @ ILL: ILL +120 (win); MIA @ OSU: OSU -360 (loss)
1305,2025-12-31,Multi,NBA/NCAAF,MICH @ TEX / NYK @ SAS / MIA @ OSU +1 more,parlay,3-leg parlay: TEX -180 + SAS -139 + OSU -330 + UTAH -500,"TEX, SAS, OSU, UTAH",,103,500,515,lost,2025-12-31,MICH @ TEX: TEX -180 (win); NYK @ SAS: SAS -139 (win); MIA @ OSU: OSU -330 (loss); NEB @ UTAH: UTAH -500 (win)
1306,2025-12-31,Football,NCAAF,MICH @ TEX / NEB @ UTAH / MIA @ OSU +2 more,parlay,3-leg parlay: TEX -180 + UTAH -500 + OSU -330 + OSU -4 -110 + BAMA +13 -115 + UGA -1 -105,"TEX, UTAH, OSU, OSU, BAMA, UGA",,802,250,2005,lost,2025-12-31,MICH @ TEX: TEX -180 (win); NEB @ UTAH: UTAH -500 (win); MIA @ OSU: OSU -330 (loss); MIA @ OSU: OSU -4 -110 (loss); BAMA @ IU: BAMA +13 -115 (loss); MISS @ UGA: UGA -1 -105 (loss)
1307,2025-12-31,Multi,NCAAF/NFL,ARI @ LA / MIA @ OSU / SEA @ SF,parlay,3-leg parlay: ARI +255 + OSU -375 + SF +100,"ARI, OSU, SF",,292,750,2190,lost,2025-12-31,ARI @ LA: ARI +255 (loss); MIA @ OSU: OSU -375 (loss); SEA @ SF: SF +100 (loss)
1308,2026-01-01,Football,NCAAF,BAMA @ IU / MISS @ UGA / ORE @ TTU,parlay,3-leg parlay: IU -265 + UGA -238 + (2H) TTU -0.5 +100,"IU, UGA, TTU",,282,500,1410,lost,2026-01-01,BAMA @ IU: IU -265 (win); MISS @ UGA: UGA -238 (loss); ORE @ TTU: (2H) TTU -0.5 +100 (loss)
1309,2026-01-01,Football,NCAAF,ORE @ TTU / BAMA @ IU / MISS @ UGA,parlay,3-leg parlay: TTU -105 + IU -265 + UGA -238,"TTU, IU, UGA",,174,1000,1740,lost,2026-01-01,ORE @ TTU: TTU -105 (loss); BAMA @ IU: IU -265 (win); MISS @ UGA: UGA -238 (loss)
1310,2026-01-01,Football,NCAAF,BAMA @ IU / MISS @ UGA / NAVY @ CIN,parlay,3-leg parlay: IU -265 + UGA -220 + NAVY -270,"IU, UGA, NAVY",,528,500,2640,lost,2026-01-01,BAMA @ IU: IU -265 (win); MISS @ UGA: UGA -220 (loss); NAVY @ CIN: NAVY -270 (win)
1311,2026-01-01,Football,NCAAF,WF @ MSST / NAVY @ CIN / MISS @ UGA,parlay,5-leg parlay: WF +135 + NAVY -270 + (2H) UGA -1.5 -105,"WF, NAVY, UGA",,298,500,1490,won,2026-01-01,WF @ MSST: WF +135 (win); NAVY @ CIN: NAVY -270 (win); MISS @ UGA: (2H) UGA -1.5 -105 (loss)
1312,2026-01-02,Multi,NCAAF/NFL,NAVY @ CIN / IND @ HOU / TEN @ JAC +2 more,parlay,5-leg parlay: NAVY -286 + HOU -575 + JAC -850 + LA -375 + SEA -130,"NAVY, HOU, JAC, LA, SEA",,3447,250,8617.5,lost,2026-01-02,NAVY @ CIN: NAVY -286 (win); IND @ HOU: HOU -575 (win); TEN @ JAC: JAC -850 (win); ARI @ LA: LA -375 (win); SEA @ SF: SEA -130 (win)
1313,2026-01-02,Multi,NCAAF/NFL,BAL @ PIT / ARI @ SMU / WF @ MSST +3 more,parlay,2-leg parlay: PIT +180 + ARI +108 + WF +124 + PHI -210 + SEA -134 + CAR +8.5 -102 + SF +7.5 -110,"PIT, ARI, WF, PHI, SEA, CAR, SF",,659,250,1647.5,lost,2026-01-02,BAL @ PIT: PIT +180 (win); ARI @ SMU: ARI +108 (loss); WF @ MSST: WF +124 (win); WAS @ PHI: PHI -210 (loss); SEA @ SF: SEA -134 (win); CAR @ TB: CAR +8.5 -102 (win); SEA @ SF: SF +7.5 -110 (loss)
1314,2026-01-03,Football,NFL,ARI @ LA / SEA @ SF,parlay,5-leg parlay: ARI +270 + SF +105,"ARI, SF",,8335,50,4167.5,lost,2026-01-03,ARI @ LA: ARI +270 (loss); SEA @ SF: SF +105 (loss)
1315,2026-01-03,Football,NFL,SEA @ SF / DAL @ NYG / NO @ ATL +2 more,parlay,7-leg parlay: SEA -155 + NYG +150 + NO +190 + WAS +150 + PIT +170,"SEA, NYG, NO, WAS, PIT",,1920,185,3552,won,2026-01-03,SEA @ SF: SEA -155 (win); DAL @ NYG: NYG +150 (win); NO @ ATL: NO +190 (loss); WAS @ PHI: WAS +150 (win); BAL @ PIT: PIT +170 (win)
1316,2026-01-03,Football,NFL,SEA @ SF / KC @ LV / LAC @ DEN +4 more,parlay,8-leg parlay:  + LV +195 + DEN -1000 + JAC -715 + MIN -575 + HOU -375 + WAS +4.5 -115,"SEA/SF, LV, DEN, JAC, MIN, HOU, WAS",,2305,217,5001.85,won,2026-01-03,SEA @ SF:  (win); KC @ LV: LV +195 (win); LAC @ DEN: DEN -1000 (win); TEN @ JAC: JAC -715 (win); GB @ MIN: MIN -575 (win); IND @ HOU: HOU -375 (win); WAS @ PHI: WAS +4.5 -115 (win)
1317,2026-01-03,Football,NFL,SEA @ SF / TEN @ JAC / KC @ LV +5 more,parlay,6-leg parlay:  + JAC -715 + LV +195 + HOU -375 + MIN -575 + NE -900 + WAS +4.5 -115 + DEN -1350,"SEA/SF, JAC, LV, HOU, MIN, NE, WAS, DEN",,4386,100,4386,won,2026-01-03,SEA @ SF:  (win); TEN @ JAC: JAC -715 (win); KC @ LV: LV +195 (win); IND @ HOU: HOU -375 (win); GB @ MIN: MIN -575 (win); MIA @ NE: NE -900 (win); WAS @ PHI: WAS +4.5 -115 (win); LAC @ DEN: DEN -1350 (win)
1318,2026-01-03,Football,NFL,IND @ HOU / TEN @ JAC / SEA @ SF +3 more,parlay,4-leg parlay: HOU -375 + JAC -715 + SEA -155 + NYG +150 + LV +185 + PIT +170,"HOU, JAC, SEA, NYG, LV, PIT",,149,250,372.5,lost,2026-01-03,IND @ HOU: HOU -375 (win); TEN @ JAC: JAC -715 (win); SEA @ SF: SEA -155 (win); DAL @ NYG: NYG +150 (win); KC @ LV: LV +185 (win); BAL @ PIT: PIT +170 (win)
1319,2026-01-04,Football,NFL,IND @ HOU / TEN @ JAC / GB @ MIN +1 more,parlay,4-leg parlay: HOU -375 + JAC -715 + MIN -750 + PHI -175,"HOU, JAC, MIN, PHI",,135,250,337.5,won,2026-01-04,IND @ HOU: HOU -375 (win); TEN @ JAC: JAC -715 (win); GB @ MIN: MIN -750 (win); WAS @ PHI: PHI -175 (loss)
1320,2026-01-04,Football,NFL,IND @ HOU / TEN @ JAC / GB @ MIN +1 more,parlay,4-leg parlay: HOU -375 + JAC -715 + MIN -750 + ATL -220,"HOU, JAC, MIN, ATL",,147,250,367.5,lost,2026-01-04,IND @ HOU: HOU -375 (win); TEN @ JAC: JAC -715 (win); GB @ MIN: MIN -750 (win); NO @ ATL: ATL -220 (win)
1321,2026-01-04,Football,NFL,TEN @ JAC / GB @ MIN / DAL @ NYG +1 more,parlay,4-leg parlay: JAC -715 + MIN -750 + DAL -170 + HOU -375,"JAC, MIN, DAL, HOU",,768,500,3840,lost,2026-01-04,TEN @ JAC: JAC -715 (win); GB @ MIN: MIN -750 (win); DAL @ NYG: DAL -170 (loss); IND @ HOU: HOU -375 (win)
1322,2026-01-09,Multi,NCAAF/NFL,LA @ CAR / BUF @ JAC / HOU @ PIT +1 more,parlay,3-leg parlay: LA -620 + JAC -106 + PIT +130 + IU -161,"LA, JAC, PIT, IU",,237,500,1185,lost,2026-01-09,LA @ CAR: LA -620 (win); BUF @ JAC: JAC -106 (loss); HOU @ PIT: PIT +130 (loss); ORE @ IU: IU -161 (win)
1323,2026-01-09,Multi,NCAAF/NFL,ORE @ IU / SF @ PHI / LAC @ NE,parlay,3-leg parlay: IU -170 + PHI -270 + NE -190,"IU, PHI, NE",,320,500,1600,lost,2026-01-09,ORE @ IU: IU -170 (win); SF @ PHI: PHI -270 (loss); LAC @ NE: NE -190 (win)
1324,2026-01-09,Multi,NCAAF/NFL,SF @ PHI / LA @ CAR / ORE @ IU,parlay,3-leg parlay: PHI -5.5 -110 + LA -650 + IU -3.5 -110,"PHI, LA, IU",,320,500,1600,won,2026-01-09,SF @ PHI: PHI -5.5 -110 (loss); LA @ CAR: LA -650 (win); ORE @ IU: IU -3.5 -110 (win)
1325,2026-01-09,Multi,NCAAF/NFL,ORE @ IU / LA @ CAR / LAC @ NE,parlay,2-leg parlay: IU -3.5 -110 + LA -650 + NE -3.5 -110,"IU, LA, NE",,122,500,610,lost,2026-01-09,ORE @ IU: IU -3.5 -110 (win); LA @ CAR: LA -650 (win); LAC @ NE: NE -3.5 -110 (win)
1326,2026-01-10,Football,NFL,LA @ CAR,parlay,2-leg parlay: LA -575 + LA @ CAR: u46 -108,"LA, LA",,140,500,700,won,2026-01-10,LA @ CAR: LA -575 (win); LA @ CAR: LA @ CAR: u46 -108 (loss)
1327,2026-01-10,Multi,NCAAF/NFL,GB @ CHI / MIA @ IU / LAC @ NE +1 more,parlay,3-leg parlay: (2H) CHI -1 -120 + IU -325 + LAC +9.5 -105 + SF +12 -110 + IU -1.5 -105,"CHI, IU, LAC, SF, IU",,1128,300,3384,lost,2026-01-10,GB @ CHI: (2H) CHI -1 -120 (win); MIA @ IU: IU -325 (win); LAC @ NE: LAC +9.5 -105 (loss); SF @ PHI: SF +12 -110 (win); MIA @ IU: IU -1.5 -105 (win)
1328,2026-01-12,Multi,NCAAF/NFL,MIA @ IU / HOU @ PIT / SF @ SEA,parlay,3-leg parlay: IU -352 + (Live) PIT +145 + SF +300 + PIT +9 +105 + HOU @ PIT: o32 +100 + IU -2.5 -109,"IU, PIT, SF, PIT, HOU, IU",,228,500,1140,lost,2026-01-12,MIA @ IU: IU -352 (win); HOU @ PIT: (Live) PIT +145 (loss); SF @ SEA: SF +300 (loss); HOU @ PIT: PIT +9 +105 (loss); HOU @ PIT: HOU @ PIT: o32 +100 (win); MIA @ IU: IU -2.5 -109 (win)
1329,2026-01-19,Multi,NCAAF/NFL,MIA @ IU / NE @ DEN / LA @ SEA,parlay,3-leg parlay: IU -340 + NE -238 + LA +3 -130 + IU -1.5 -112 + NE PK -105,"IU, NE, LA, IU, NE",,163,500,815,lost,2026-01-19,MIA @ IU: IU -340 (win); NE @ DEN: NE -238 (win); LA @ SEA: LA +3 -130 (loss); MIA @ IU: IU -1.5 -112 (win); NE @ DEN: NE PK -105 (win)
1330,2026-01-24,Basketball,NCAAB,NW @ UCLA / ILL @ PUR / SDSU @ UNLV,parlay,3-leg parlay: UCLA -299 + PUR -258 + SDSU -240,"UCLA, PUR, SDSU",,300,250,750,lost,2026-01-24,NW @ UCLA: UCLA -299 (win); ILL @ PUR: PUR -258 (loss); SDSU @ UNLV: SDSU -240 (win)
1331,2026-02-08,Multi,NBA/NFL,LAC @ MIN / IND @ TOR / SEA @ NE,parlay,2-leg parlay: MIN -355 + TOR -370 + SEA -7.5 +140,"MIN, TOR, SEA",,156,1000,1560,lost,2026-02-08,LAC @ MIN: MIN -355 (loss); IND @ TOR: TOR -370 (win); SEA @ NE: SEA -7.5 +140 (win)
1332,2026-02-28,Basketball,NCAAB,USI @ UALR / VT @ UNC,parlay,5-leg parlay: (2H) USI @ UALR: u74.5 -120 + UNC -295,"USI, UNC",,780,500,3900,lost,2026-02-28,USI @ UALR: (2H) USI @ UALR: u74.5 -120 (loss); VT @ UNC: UNC -295 (win)
1333,2026-03-12,Basketball,NCAAB,ISU @ TTU / WASH @ WIS / UNLV @ USU +2 more,parlay,3-leg parlay: ISU -223 + WIS -7.5 -110 + USU -275 + TENN -235 + HOU -9.5 -107,"ISU, WIS, USU, TENN, HOU",,173,500,865,lost,2026-03-12,ISU @ TTU: ISU -223 (win); WASH @ WIS: WIS -7.5 -110 (loss); UNLV @ USU: USU -275 (win); AUB @ TENN: TENN -235 (win); BYU @ HOU: HOU -9.5 -107 (loss)
1334,2026-03-13,Basketball,NCAAB,WIS @ ILL / ISU @ ARIZ / CHAR @ UAB,parlay,4-leg parlay: ILL -385 + ARIZ -170 + UAB -215,"ILL, ARIZ, UAB",,105,500,525,lost,2026-03-13,WIS @ ILL: ILL -385 (loss); ISU @ ARIZ: ARIZ -170 (win); CHAR @ UAB: UAB -215 (loss)
1335,2026-03-13,Basketball,NCAAB,GTWN @ CONN / OKLA @ ARK / WIS @ ILL +1 more,parlay,5-leg parlay: CONN -1600 + ARK -300 + ILL -345 + DUKE -600,"CONN, ARK, ILL, DUKE",,422,500,2110,lost,2026-03-13,GTWN @ CONN: CONN -1600 (win); OKLA @ ARK: ARK -300 (win); WIS @ ILL: ILL -345 (loss); CLEM @ DUKE: DUKE -600 (win)
1336,2026-03-13,Basketball,NCAAB,DUQ @ VCU / WIS @ ILL / HALL @ SJU +2 more,parlay,5-leg parlay: VCU -375 + ILL -385 + SJU -375 + UVU -475 + MASS +142,"VCU, ILL, SJU, UVU, MASS",,146,500,730,lost,2026-03-13,DUQ @ VCU: VCU -375 (win); WIS @ ILL: ILL -385 (loss); HALL @ SJU: SJU -375 (win); UTA @ UVU: UVU -475 (win); MASS @ TOL: MASS +142 (loss)
1337,2026-03-14,Basketball,NCAAB,WIS @ MICH / UVA @ DUKE / NCCU @ HOW +2 more,parlay,3-leg parlay: MICH -770 + DUKE -320 + HOW -900 + FLA -400 + ARK -425,"MICH, DUKE, HOW, FLA, ARK",,142,500,710,lost,2026-03-14,WIS @ MICH: MICH -770 (win); UVA @ DUKE: DUKE -320 (win); NCCU @ HOW: HOW -900 (win); VAN @ FLA: FLA -400 (loss); MISS @ ARK: ARK -425 (win)
1338,2026-03-14,Basketball,NCAAB,PENN @ HARV / MISS @ ARK / TOL @ AKR,parlay,2-leg parlay: HARV -154 + ARK -425 + AKR -395,"HARV, ARK, AKR",,150,1000,1500,lost,2026-03-14,PENN @ HARV: HARV -154 (loss); MISS @ ARK: ARK -425 (win); TOL @ AKR: AKR -395 (win)
1339,2026-03-14,Basketball,NCAAB,UVA @ DUKE / CONN @ SJU,parlay,2-leg parlay: DUKE -285 + (2H) CONN -5 -110,"DUKE, CONN",,106,250,265,won,2026-03-14,UVA @ DUKE: DUKE -285 (win); CONN @ SJU: (2H) CONN -5 -110 (loss)
1340,2026-03-19,Basketball,NCAAB,PENN @ ILL / HOW @ MICH,parlay,2-leg parlay: (1H) ILL -1700 + HOW @ MICH: o151.5 -110,"ILL, HOW",,102,250,255,won,2026-03-19,PENN @ ILL: (1H) ILL -1700 (win); HOW @ MICH: HOW @ MICH: o151.5 -110 (win)
1341,2026-03-19,Basketball,NCAAB,PENN @ ILL / KENN @ GONZ,parlay,4-leg parlay: ILL -25.5 -110 + (1H) GONZ -1100,"ILL, GONZ",,175,300,525,lost,2026-03-19,PENN @ ILL: ILL -25.5 -110 (win); KENN @ GONZ: (1H) GONZ -1100 (win)
1342,2026-03-21,Basketball,NCAAB,LOU @ MSU / TCU @ DUKE / HP @ ARK +1 more,parlay,2-leg parlay: (Live) LOU +5 -110 + DUKE -614 + ARK -614 + ILL -456,"LOU, DUKE, ARK, ILL",,112,600,672,lost,2026-03-21,LOU @ MSU: (Live) LOU +5 -110 (loss); TCU @ DUKE: DUKE -614 (win); HP @ ARK: ARK -614 (win); VCU @ ILL: ILL -456 (win)
1343,2026-03-21,Basketball,NCAAB,TXAM @ HOU / HP @ ARK,parlay,2-leg parlay: (Live) TXAM +9.5 -110 + ARK -900,"TXAM, ARK",,110,500,550,lost,2026-03-21,TXAM @ HOU: (Live) TXAM +9.5 -110 (loss); HP @ ARK: ARK -900 (win)
1344,2026-03-22,Basketball,NCAAB,USU @ ARIZ / UK @ ISU,parlay,2-leg parlay: ARIZ -700 + UK +5.5 -110,"ARIZ, UK",,110,500,550,won,2026-03-22,USU @ ARIZ: ARIZ -700 (win); UK @ ISU: UK +5.5 -110 (loss)
1345,2026-03-22,Basketball,NCAAB,USU @ ARIZ / SJU @ KU,parlay,2-leg parlay: ARIZ -600 + KU +3.5 -115,"ARIZ, KU",,105,500,525,won,2026-03-22,USU @ ARIZ: ARIZ -600 (win); SJU @ KU: KU +3.5 -115 (win)
1346,2026-03-26,Multi,NBA/NCAAB,ARK @ ARIZ / SAC @ ORL,parlay,2-leg parlay: ARIZ -7.5 +108 + ORL -110,"ARIZ, ORL",,112,500,560,won,2026-03-26,ARK @ ARIZ: ARIZ -7.5 +108 (win); SAC @ ORL: ORL -110 (win)
1347,2026-03-26,Basketball,NCAAB,IOWA @ NEB / TEX @ PUR,parlay,4-leg parlay: (Live) IOWA +5.5 -130 + (Live) PUR -500,"IOWA, PUR",,205,500,1025,lost,2026-03-26,IOWA @ NEB: (Live) IOWA +5.5 -130 (win); TEX @ PUR: (Live) PUR -500 (win)
1348,2026-03-26,Basketball,NCAAB,TEX @ PUR / IOWA @ NEB / ARK @ ARIZ +1 more,parlay,2-leg parlay: PUR -335 + IOWA @ NEB: u133.5 +104 + ARIZ -355 + MICH -480,"PUR, IOWA, ARIZ, MICH",,141,500,705,won,2026-03-26,TEX @ PUR: PUR -335 (win); IOWA @ NEB: IOWA @ NEB: u133.5 +104 (loss); ARK @ ARIZ: ARIZ -355 (win); ALA @ MICH: MICH -480 (win)
1349,2026-03-26,Basketball,NCAAB,IOWA @ NEB / ARK @ ARIZ,parlay,2-leg parlay: IOWA +1.5 -104 + ARIZ -355,"IOWA, ARIZ",,135,500,675,won,2026-03-26,IOWA @ NEB: IOWA +1.5 -104 (win); ARK @ ARIZ: ARIZ -355 (win)
1350,2026-03-26,Basketball,NCAAB,IOWA @ NEB / ARK @ ARIZ,parlay,3-leg parlay: (2H) IOWA @ NEB: u70.5 -110 + ARIZ -428,"IOWA, ARIZ",,166,500,830,won,2026-03-26,IOWA @ NEB: (2H) IOWA @ NEB: u70.5 -110 (win); ARK @ ARIZ: ARIZ -428 (win)
1351,2026-03-26,Basketball,NCAAB,ALA @ MICH / ARK @ ARIZ / MSU @ CONN,parlay,4-leg parlay: MICH -500 + ARIZ -400 + CONN -130,"MICH, ARIZ, CONN",,268,500,1340,lost,2026-03-26,ALA @ MICH: MICH -500 (win); ARK @ ARIZ: ARIZ -400 (win); MSU @ CONN: CONN -130 (win)
1352,2026-03-26,Basketball,NCAAB,SJU @ DUKE / ALA @ MICH / ARK @ ARIZ,parlay,2-leg parlay: SJU @ DUKE: u142.5 -113 + DUKE -257 + MICH -426 + ARIZ -355,"SJU, DUKE, MICH, ARIZ",,141,500,705,won,2026-03-26,SJU @ DUKE: SJU @ DUKE: u142.5 -113 (loss); SJU @ DUKE: DUKE -257 (win); ALA @ MICH: MICH -426 (win); ARK @ ARIZ: ARIZ -355 (win)
1353,2026-03-26,Basketball,NCAAB,ILL @ HOU / ARK @ ARIZ,parlay,2-leg parlay: ILL +2.5 -115 + ARIZ -355,"ILL, ARIZ",,112,500,560,won,2026-03-26,ILL @ HOU: ILL +2.5 -115 (win); ARK @ ARIZ: ARIZ -355 (win)
1354,2026-03-27,Basketball,NCAAB,TENN @ ISU / ALA @ MICH,parlay,2-leg parlay: TENN +4.5 -130 + MICH -500,"TENN, MICH",,393,245,962.85,won,2026-03-27,TENN @ ISU: TENN +4.5 -130 (win); ALA @ MICH: MICH -500 (win)
1355,2026-04-20,Basketball,NBA,Lakers vs Rockets,future,Series Total Games Over 5.5 -265,Over 5.5 Games,,-265,795,300,won,2026-04-29,NBA Playoffs Series Props; Gameday #299823646
1356,2026-04-20,Basketball,NBA,Pistons vs Magic,future,Series Total Games Over 5.5 -270,Over 5.5 Games,,-270,810,300,won,2026-04-29,NBA Playoffs Series Props; Gameday #299823647
1357,2026-04-25,Basketball,NBA,Nuggets vs Timberwolves / Spurs vs Trail Blazers,parlay,2-leg parlay: Nuggets ML -120 + Spurs ML -215,"Nuggets, Spurs",,169,300,505.81,lost,2026-04-25,Gameday #300206367; Leg 1: Nuggets ML -120 (4/25); Leg 2: Spurs ML -215 (4/26)
1358,2026-04-30,Football,NFL,NFL 2026/27 Season - NFC North Winner,future,Win NFC North division,Chicago Bears,,320,375,1200,pending,,NFL 26/27 Division Winner Future; Gameday #300552460
1359,2026-04-30,Football,NFL,NFL 2026/27 Season - NFC East Winner,future,Win NFC East division,Washington Commanders,,500,250,1250,pending,,NFL 26/27 Division Winner Future; Gameday #300552459
1360,2026-04-30,Football,NFL,NFL 2026/27 Season - NFC South Winner,future,Win NFC South division,Atlanta Falcons,,450,250,1125,pending,,NFL 26/27 Division Winner Future; Gameday #300552458
1361,2026-04-30,Football,NFL,NFL 2026/27 Season - AFC North Winner,future,Win AFC North division,Cincinnati Bengals,,210,500,1050,pending,,NFL 26/27 Division Winner Future; Gameday #300552457
1362,2026-04-30,Football,NFL,NFL 2026/27 Season - AFC West Winner,future,Win AFC West division,Kansas City Chiefs,,170,500,850,pending,,NFL 26/27 Division Winner Future; Gameday #300552456
1363,2026-04-30,Football,NFL,NFL 2026/27 Season - NFC West Winner,future,Win NFC West division,San Francisco 49ers,,260,375,975,pending,,NFL 26/27 Division Winner Future; Gameday #300552455
1374,2026-04-29,Football,NFL,NFL 2026/27 Season - SEA Seahawks Regular Season Wins,future,Seattle Seahawks regular season wins Over 10.5,Over 10.5 Wins,Seattle Seahawks,-130,1300,1000,pending,,NFL 26/27 Regular Season Wins Future; Gameday #300514464
1375,2026-04-30,Horse Racing,Thoroughbred,2026 Kentucky Derby - Churchill Downs Race #12,exotic,"Exacta Box: 1st [6, 9, 10, 18] (12 combinations @ $15 each)",Exacta Box 6/9/10/18,,,90,0,Lost,2026-05-02,Derby winner #19 Golden Tempo not in ticket; all 6 remaining combos lost
1376,2026-04-30,Horse Racing,Thoroughbred,2026 Kentucky Derby - Churchill Downs Race #12,exotic,"Exacta: 1st [6, 9, 10] - 2nd [6, 8, 9, 10, 12, 15, 18] (18 combinations @ $10 each)",Exacta 6/9/10 over 6/8/9/10/12/15/18,,,100,0,Lost,2026-05-02,Derby winner #19 Golden Tempo not in ticket; all 10 remaining combos lost
1377,2026-04-30,Horse Racing,Thoroughbred,2026 Kentucky Derby - Churchill Downs Race #12,exotic,"Trifecta: 1st [6, 9, 10, 18] - 2nd [6, 8, 9, 10, 18] - 3rd [6, 7, 8, 9, 10, 12, 15, 18] (96 combinations @ $2 each)",Trifecta 6/9/10/18 with 6/8/9/10/18 with 6/7/8/9/10/12/15/18,,,90,0,Lost,2026-05-02,Derby winner #19 Golden Tempo not in ticket; all 45 remaining combos lost
1378,2026-04-30,Horse Racing,Thoroughbred,2026 Kentucky Derby - Tournament Winner,future,Win 2026 Kentucky Derby,Wonder Dean,,3000,100,3000,Lost,2026-05-02,"Wonder Dean finished outside top 1 (Golden Tempo won, #19)"
1379,2026-04-30,Horse Racing,Thoroughbred,2026 Kentucky Derby - Tournament Winner,future,Win 2026 Kentucky Derby,The Puma,,850,300,0,Push,2026-05-02,VOID - The Puma scratched 5/2 (skin infection/swollen leg). $300 refunded.
1380,2026-04-30,Horse Racing,Thoroughbred,2026 Kentucky Derby - Tournament Winner,future,Win 2026 Kentucky Derby,Further Ado,,625,300,1875,Lost,2026-05-02,"Further Ado finished outside top 1 (Golden Tempo won, #19)"
1381,2026-04-29,Football,NFL,NFL 2026/27 Season - DET Lions Regular Season Wins,future,Detroit Lions regular season wins Under 10.5,Under 10.5 Wins,Detroit Lions,-115,575,500,pending,,NFL 26/27 Regular Season Wins Future; Gameday #300514463
1382,2026-04-29,Football,NFL,NFL 2026/27 Season - GB Packers Regular Season Wins,future,Green Bay Packers regular season wins Under 10.5,Under 10.5 Wins,Green Bay Packers,-140,700,500,pending,,NFL 26/27 Regular Season Wins Future; Gameday #300508590
1383,2026-04-29,Football,NFL,NFL 2026/27 Season - BAL Ravens Regular Season Wins,future,Baltimore Ravens regular season wins Under 11.5,Under 11.5 Wins,Baltimore Ravens,-145,725,500,pending,,NFL 26/27 Regular Season Wins Future; Gameday #300508589
1384,2026-04-29,Football,NFL,NFL 2026/27 Season - DEN Broncos Regular Season Wins,future,Denver Broncos regular season wins Under 9.5,Under 9.5 Wins,Denver Broncos,-110,550,500,pending,,NFL 26/27 Regular Season Wins Future; Gameday #300508588
1385,2026-04-29,Football,NFL,NFL 2026/27 Season - HOU Texans Regular Season Wins,future,Houston Texans regular season wins Over 9.5,Over 9.5 Wins,Houston Texans,-120,1200,1000,pending,,NFL 26/27 Regular Season Wins Future; Gameday #300508462
1386,2026-04-29,Football,NFL,NFL 2026/27 Season - MIN Vikings Regular Season Wins,future,Minnesota Vikings regular season wins Over 8.5,Over 8.5 Wins,Minnesota Vikings,+100,1000,1000,pending,,NFL 26/27 Regular Season Wins Future; Gameday #300508461
1387,2026-04-29,Football,NFL,NFL 2026/27 Season - CHI Bears Regular Season Wins,future,Chicago Bears regular season wins Over 9.5,Over 9.5 Wins,Chicago Bears,-110,1100,1000,pending,,NFL 26/27 Regular Season Wins Future; Gameday #300508460
1388,2026-04-29,Football,NFL,NFL 2026/27 Season - CAR Panthers Regular Season Wins,future,Carolina Panthers regular season wins Over 7.5,Over 7.5 Wins,Carolina Panthers,+100,1000,1000,pending,,NFL 26/27 Regular Season Wins Future; Gameday #300508459
1389,2026-04-16,Golf,PGA Tour,2027 US Masters,future,Win 2027 US Masters,Ludvig Aberg,,+1900,250,4750,pending,,Tournament Winner Future; Gameday #299559542
1390,2025-12-28,Soccer,FIFA,2026 FIFA World Cup,future,Win 2026 FIFA World Cup,Spain,,+460,500,2300,pending,,Tournament Winner Future; Gameday #289513096
1391,2026-05-01,Basketball,NBA,Lakers vs Rockets - 1st Round Series,future,Lakers to win 1st Round series vs Rockets,Lakers Series ML,Houston Rockets,-310,930,300,Won,2026-05-01,Lakers won series 4-2; Game 6 LAL 98-78 HOU; +$300 net
1392,2026-05-01,Horse Racing,KY Oaks,2026 Kentucky Oaks - Churchill Downs Race #13,exotic,$2 Trifecta 5/9/10 / 1/2/5/9/10 / 1/2/4/5/9/10/11 (60 combos),"Trifecta Key 5,9,10",,,120,655.48,Won,2026-05-01,"Trifecta 9-5-4 hit. Return $775.48, net +$655.48"
1393,2026-05-01,Horse Racing,KY Oaks,2026 Kentucky Oaks - Churchill Downs Race #13,exotic,$25 Exacta Box 5/9/10 (6 combos),"Exacta Box 5,9,10",,,150,1069.75,Won,2026-05-01,"Exacta 9-5 hit. Return $1,219.75, net +$1,069.75"
1394,2026-05-01,Horse Racing,KY Oaks,2026 Kentucky Oaks - Churchill Downs Race #13,straight,$100 W/P/S each on #9 and #10 ($300 each = $600 total),WPS #9 and #10,,,600,697.00,Won,2026-05-01,"#9 Always a Runner WPS cashed; #10 Prom Queen WPS lost. Return $1,297, net +$697"
1396,2026-05-02,Horse Racing,KY Derby,2026 Kentucky Derby - Churchill Downs Race #12,exotic,"Exacta: 1st [6,8,12,18] - 2nd [6,8,10,12,18] (16 combinations @ $10 each)",Exacta 6/8/12/18 over 6/8/10/12/18,,,160,0,Lost,2026-05-02,Derby winner #19 Golden Tempo not in ticket; 16 combos lost
1397,2026-05-02,Horse Racing,KY Derby,2026 Kentucky Derby - Churchill Downs Race #12,exotic,"Exacta: 1st [12] - 2nd [6,8,10,15,18] (5 combinations @ $10 each)",Exacta 12 over 6/8/10/15/18,,,50,0,Lost,2026-05-02,Derby winner #19 Golden Tempo not in ticket; 5 combos lost
1398,2026-05-02,Horse Racing,KY Derby,2026 Kentucky Derby - Churchill Downs Race #12,exotic,"Trifecta: 1st [6,12,18] - 2nd [6,7,10,12,15,18] - 3rd [6,7,10,12,15,18] (60 combinations @ $4 each)",Trifecta 6/12/18 with 6/7/10/12/15/18 with 6/7/10/12/15/18,,,240,0,Lost,2026-05-02,Derby winner #19 Golden Tempo not in ticket; 60 combos lost
1399,2026-05-02,Horse Racing,KY Derby,2026 Kentucky Derby - Churchill Downs Race #12,exotic,"Superfecta Box: [1, 6, 8, 12, 18] (120 combinations @ $1 each)",Superfecta Box 1/6/8/12/18,,,120,0,Lost,2026-05-02,Derby winner #19 Golden Tempo not in ticket; Superfecta box 1/6/8/12/18 lost
1400,2026-05-02,Horse Racing,Churchill Downs,Churchill Downs May 2 - Pick 3 Races 7/8/9,exotic,"Pick 3: Race 7 [2,4,8] / Race 8 [1,2,6,7,8] / Race 9 [4,8,12] (45 combinations @ $4 each)",Pick 3 R7:2/4/8 R8:1/2/6/7/8 R9:4/8/12,,,180,0,Lost,2026-05-02,Pick 3 leg 1 lost - Race 7 won by #5 Classic Q (had 2/4/8)
1401,2026-05-02,Baseball,MLB,Kansas City Royals @ Seattle Mariners,team total,Mariners team total Over 3.5 runs,Over 3.5,Seattle Mariners,-167,692,414.37,Lost,2026-05-02,"Gameday #G295867213; SEA scored 2 runs in 10-inning loss (KC 3, SEA 2)"
1402,2026-05-02,Baseball,MLB,Kansas City Royals @ Seattle Mariners,moneyline,Seattle Mariners ML,Seattle Mariners,Kansas City Royals,-114,250,219.30,Lost,2026-05-02,"Gameday #G295870878; KC 3, SEA 2 (10 inn)"
1403,2026-05-03,Basketball,NBA,Toronto Raptors @ Cleveland Cavaliers - Game 7,parlay,3-leg parlay: Harden 9+ Assists; Harden Under 19.5 Points; Cavs ML,3-leg parlay,,,250,0,Lost,2026-05-03,"Gameday #388409872; Harden 18p/3a in CLE 114-102 win - 9+ Ast leg LOST (Under 19.5 hit, CLE ML hit, but parlay dead)"
1404,2026-05-17,Golf,PGA Championship,2026 PGA Championship - Aronimink GC - Round 4,matchup,Cameron Smith R4 matchup ML,Cameron Smith,,+135,250,337,Won,2026-05-17,Wagerhouse R4 H2H - Smith beat matchup opponent; +$337
1405,2026-05-17,Golf,PGA Championship,2026 PGA Championship - Aronimink GC - Round 4,prop,Patrick Reed 4th Round Score Under 69.5,Under 69.5,,-120,300,250,Lost,2026-05-17,Reed R4 score did not finish Under 69.5; -$300
1406,2026-05-17,Golf,PGA Championship,2026 PGA Championship - Aronimink GC - Round 4,matchup,Jon Rahm R4 matchup ML,Jon Rahm,,-130,325,250,Won,2026-05-17,Wagerhouse R4 H2H - Rahm won matchup; +$250
1407,2026-05-17,Golf,PGA Championship,2026 PGA Championship - Aronimink GC - Round 4,matchup,Rory McIlroy R4 matchup ML,Rory McIlroy,,-125,312,250,Push,2026-05-17,McIlroy R4 H2H push; stake refunded
1408,2026-05-17,Golf,PGA Championship,2026 PGA Championship - Aronimink GC,outright,Scottie Scheffler to win 2026 PGA Championship,Scottie Scheffler,,+780,500,3900,Lost,2026-05-17,Aaron Rai won 2026 PGA Championship at Aronimink; Scheffler did not win; -$500
1410,2026-05-17,MMA,Combat,Ronda Rousey vs Gina Carano,moneyline,Ronda Rousey ML,Ronda Rousey,Gina Carano,-575,8625,1500,Won,2026-05-17,Rousey submitted Carano via armbar in 17 seconds
1411,2026-05-17,Golf,PGA Championship,2026 PGA Championship - Aronimink GC,outright,Aaron Rai to win 2026 PGA Championship,Aaron Rai,,-330,3300,1000,Won,2026-05-17,Wagerhouse #G297707904; Rai won 2026 PGA Championship
1412,2026-05-17,Basketball,NBA,NBA Playoffs - Cavs/Pistons + Thunder game,parlay,2-leg parlay: Cavs/Pistons Alt Total Under 194.5 (+235); Thunder -6.5 (-110),2-leg parlay,,+438,287,1548,Lost,2026-05-17,Wagerhouse 2-team parlay
1413,2026-05-17,Football,NFL,2026 NFL Regular Season,futures,San Francisco 49ers Regular Season Wins Over 10.5,Over 10.5,,+120,1000,1200,Pending,,Wagerhouse season win total
1414,2026-05-17,Football,NFL,2026 NFL Regular Season,futures,Pittsburgh Steelers Regular Season Wins Over 8.5,Over 8.5,,+140,715,1001,Pending,,Wagerhouse season win total
1415,2026-05-17,Football,NFL,2026 NFL Regular Season,futures,New York Jets Regular Season Wins Over 5.5,Over 5.5,,+105,1000,1050,Pending,,Wagerhouse season win total
1416,2026-05-17,Football,NFL,2026 NFL Regular Season,futures,Dallas Cowboys Regular Season Wins Under 8.5,Under 8.5,,+160,625,1000,Pending,,Wagerhouse season win total
1417,2026-05-17,Football,NFL,2026 NFL Regular Season,futures,Kansas City Chiefs Regular Season Wins Over 10.5,Over 10.5,,+105,1000,1050,Pending,,Wagerhouse season win total
1418,2026-05-17,Football,NFL,2026 NFL Regular Season,futures,Carolina Panthers Regular Season Wins Over 6.5,Over 6.5,,-130,1300,1000,Pending,,Wagerhouse season win total (note: also have ticket 1388 CAR Over 7.5 +100)
1419,2026-05-19,Baseball,MLB,Round Robin 5 teams all ways,round robin,5-team All Ways RR (26 combos x $25): SEA -1.5 +145; ATL -1.5 +125; ARI -1.5 +160; PHI -1.5 +145; NYY -1.5 +155,5-team RR all ways,,,503.75,11376,Lost,2026-05-19,Wagerhouse ticket #1438529716; 2-leg through 5-leg combos; $25/combo. PARTIAL: ATL/ARI -1.5 won; SEA/PHI/NYY lost. 1/26 combos hit (ATL+ARI 2-team paid $121.25). Net loss ~$503.75
1420,2026-05-19,Mixed,NBA/MLB,3-team Parlay - Cavs/Mariners/Athletics,parlay,3-leg parlay: Cavaliers +7 (-110); Mariners -1.5 (+145); Athletics ML (+114),3-leg parlay,,+801,400,3603,Lost,2026-05-19,Wagerhouse ticket #1438538618
1421,2026-05-22,Mixed,MLB/NBA,Round Robin 5 selections all ways,round robin,5-team RR All Ways (26 combos x $25): TEX -1.5 +115; TB ML +123; HOU ML +112; SAS -1.5 -110; MIL/LAD U8.5 -115,5-team RR all ways,,,107.37,5692.96,Lost,2026-05-22,"Gameday ticket #395509182; By 2s/3s/4s/5s; $25/combo. PARTIAL: TB ML, HOU ML, MIL/LAD U8.5 won; TEX -1.5, SAS -1.5 lost. 4/26 combos hit (3x2-team + 1x3-team, +$442.63). Net loss ~$107.37"
1422,2026-05-22,Basketball,NBA,San Antonio Spurs @ Oklahoma City Thunder,spread,Spurs -1.5,San Antonio Spurs,Oklahoma City Thunder,-115,1150,1000,Lost,2026-05-22,Gameday ticket #396266716; 8:30pm tip
1423,2026-05-22,Hockey,NHL,Colorado Avalanche game (puck line),puck line,Avalanche -1.5,Colorado Avalanche,,+145,750,1087,Lost,2026-05-22,Wagerhouse
1424,2026-05-22,Baseball,MLB,2-team parlay - Astros ML + Astros/Cubs Over 7,parlay,2-leg parlay: Astros ML (+122); Astros/Cubs Total Over 7 (-115),2-leg parlay,,+215,500,1575,Lost,2026-05-22,Wagerhouse 2-team parlay
1425,2026-05-22,Mixed,NHL/MLB,2-team parlay - Avalanche ML + Dodgers/Brewers Under 8.5,parlay,2-leg parlay: Avalanche ML (-180); Dodgers/Brewers Total Under 8.5 (-115),2-leg parlay,,+91,1000,1908,Lost,2026-05-22,Wagerhouse 2-team parlay
1426,2026-05-22,Baseball,MLB,Tampa Bay Rays vs New York Yankees,moneyline,Rays ML,Tampa Bay Rays,New York Yankees,+137,1000,1370,Won,2026-05-22,Wagerhouse; Cole vs Martinez 7:05pm
1427,2026-05-22,Baseball,MLB,Texas Rangers vs Los Angeles Angels,run line,Rangers -1.5,Texas Rangers,Los Angeles Angels,+100,1000,1000,Lost,2026-05-22,Wagerhouse; DeGrom vs G.Rodriguez 9:38pm
1428,2026-05-22,Baseball,MLB,Chicago Cubs vs Houston Astros,total,Astros/Cubs Total Under 7 (hedge on bet 1424),Under 7,,+135,370.37,500,Won,2026-05-22,Wagerhouse #G298264008 / Ticket #1441525283-1; HEDGE on Over 7 leg of parlay 1424
1429,2026-05-23,Baseball,MLB,Los Angeles Dodgers vs Milwaukee Brewers,moneyline,Dodgers ML,Los Angeles Dodgers,Milwaukee Brewers,-115,287.50,250,Won,2026-05-23,Ticket #409818701; Sasaki vs Gasser 7:15pm
1430,2026-05-23,Baseball,MLB,Los Angeles Dodgers vs Milwaukee Brewers,run line,Dodgers -1.5,Los Angeles Dodgers,Milwaukee Brewers,140,250,350,Won,2026-05-23,Ticket #409818702; Sasaki vs Gasser 7:15pm
1431,2026-05-23,Baseball,MLB,Philadelphia Phillies vs Miami Marlins,run line,Phillies -1.5,Philadelphia Phillies,Miami Marlins,125,500,625,Won,2026-05-23,Ticket #409818703; Wheeler vs Cecconi 4:05pm
1432,2026-05-23,Baseball,MLB,Pittsburgh Pirates vs Washington Nationals,run line,Pirates -1.5,Pittsburgh Pirates,Washington Nationals,120,250,300,Lost,2026-05-23,Ticket #409818704; Skenes vs Corbin 3:07pm
1433,2026-05-23,Baseball,MLB,Pittsburgh Pirates vs Washington Nationals,moneyline,Pirates ML,Pittsburgh Pirates,Washington Nationals,-136,340,250,Lost,2026-05-23,Ticket #409818705; Skenes vs Corbin 3:07pm
1434,2026-05-23,Basketball,NBA,Cleveland Cavaliers vs New York Knicks,total,Cavs/Knicks Total Over 215.5,Over 215.5,,-110,550,500,Won,2026-05-23,Ticket #409818706; 8:00pm ECF
1435,2026-05-22,Hockey,NHL,Colorado Avalanche @ Vegas Golden Knights,moneyline,Avalanche ML,Colorado Avalanche,Vegas Golden Knights,-185,1850,1000,Lost,2026-05-22,Game 2 WCF (missed entry); Avs lost
1436,2026-05-22,Mixed,NBA/NHL,2-team parlay - Spurs -2.5 + Avalanche ML,parlay,2-leg parlay: Spurs -2.5 (-110); Avalanche ML (-185),2-leg parlay,,194,1000,1941,Lost,2026-05-22,Both legs lost; missed entry from prior day
1437,2026-05-22,Basketball,NBA,San Antonio Spurs @ Oklahoma City Thunder,moneyline,Spurs ML,San Antonio Spurs,Oklahoma City Thunder,-125,1000,800,Lost,2026-05-22,Originally 2-leg parlay w/ unused 2nd leg slot; treated as Spurs ML loser per user
1438,2026-05-23,Baseball,MLB,Phillies vs Guardians,Spread (F5),"Phillies F5 -0.5 (1st 5 Innings, Must Start pitchers)",PHI -0.5,Cleveland Guardians,-130,325,250,Won,2026-05-23,1st 5 Innings; SLADE CECCONI-R Must Start | ZACK WHEELER-R Must Start; Ticket #409822462
1439,2026-05-24,Baseball,MLB,Pirates vs Blue Jays,Spread (F5),"Blue Jays F5 -0.5 (1st 5 Innings, Must Start pitchers)",TOR -0.5,Pittsburgh Pirates,-120,180,150,Lost,2026-05-24,1st 5 Innings; MITCH KELLER-R Must Start | DYLAN CEASE-R Must Start; Ticket #409858849
1440,2026-05-24,Baseball,MLB,5-team MLB RR (LAD/ATL/CLE/TB/SEA),Round Robin,"5-team RR by 2's/3's/4's/5's: LAD -1.5 (+105) vs MIL, ATL -1.5 (+130) vs WSH, CLE -1.5 (+149) vs PHI, TB ML (+110) vs NYY, SEA -1.5 (+135) vs KC",LAD-1.5/ATL-1.5/CLE-1.5/TB ML/SEA-1.5,MIL/WSH/PHI/NYY/KC,varies,522.39,8162.56,Lost,2026-05-24,"26 parlays @ $25 each; ORIGINAL Risk $650; hit 2/5 (LAD-1.5, CLE-1.5); only winning combo LAD+CLE +105/+149 = +$102.61; net realized -$522.39; Ticket #409859138"
1441,2026-05-25,Mixed,MLB/NBA,LAD/MIL + NYK/IND,Parlay (2-leg),2-team parlay: LAD ML (-310) + Knicks -2 (-110),LAD ML / NYK -2,MIL / IND,+52.49,250,381.23,Pending,,LAD: Gordon vs Sheehan Must Start; NYK ECF Game 4; Ticket #409929389
1442,2026-05-25,Baseball,MLB,LAD/MIL + ATH game,Parlay (2-leg),2-team parlay: LAD ML (-310) + Athletics ML (-110),LAD ML / OAK ML,MIL / opp,+52.49,250,381.23,Pending,,LAD: Gordon vs Sheehan Must Start; OAK: Castillo vs Civale Must Start; Ticket #409929376
1443,2026-05-25,Baseball,MLB,LAD/MIL + ATH game,Parlay (2-leg),2-team parlay: LAD -1.5 (-145) + Athletics +1.5 (-155),LAD -1.5 / OAK +1.5,MIL / opp,+77.98,250,444.94,Pending,,LAD: Gordon vs Sheehan Must Start; OAK: Castillo vs Civale Must Start; Ticket #409929320
1444,2026-05-24,Basketball,NBA,Spurs vs Thunder,Total,OKC team total Over 102.5 (Inc. OT),OKC team total O102.5,,-109,272.5,250,Lost,2026-05-24,Missed entry; OKC under 102.5; Ticket #409880559
1445,2026-05-26,Baseball,MLB,Twins game,Moneyline,Minnesota Twins ML,MIN ML,opp,-112,56,50,Pending,,JOE RYAN-R Must Start | SEAN BURKE-R Must Start; Ticket #409975097
1446,2026-05-26,Baseball,MLB,Twins game,Spread,Minnesota Twins -1.5,MIN -1.5,opp,+148,50,74,Pending,,JOE RYAN-R Must Start | SEAN BURKE-R Must Start; Ticket #409975096
1447,2026-05-26,Baseball,MLB,Red Sox vs Braves,Total,BOS/ATL Game Total Under 8,U8,,-107,214,200,Pending,,SPENCER STRIDER-R Must Start | RANGER SUAREZ-L Must Start; Ticket #409975085
1448,2026-05-26,Baseball,MLB,Dodgers vs Rockies,Total,LAD/COL Game Total Over 9,O9,,-105,210,200,Pending,,KYLE FREELAND-L Must Start | ERIC LAUER-L Must Start; Ticket #409975057
1449,2026-05-26,Baseball,MLB,Dodgers vs Rockies,Spread,Los Angeles Dodgers -1.5,LAD -1.5,Colorado Rockies,-114,228,200,Pending,,KYLE FREELAND-L Must Start | ERIC LAUER-L Must Start; Ticket #409975056
1450,2026-05-26,Baseball,MLB,Padres game,Moneyline,San Diego Padres ML,SD ML,opp,-114,114,100,Pending,,AARON NOLA-R Must Start | RANDY VASQUEZ-R Must Start; Ticket #409974977
1451,2026-05-26,Baseball,MLB,Padres game,Spread,San Diego Padres -1.5,SD -1.5,opp,+183,100,183,Pending,,AARON NOLA-R Must Start | RANDY VASQUEZ-R Must Start; Ticket #409974976
1452,2026-05-26,Baseball,MLB,Cubs vs Pirates,Parlay (2-leg),2-leg parlay: Braxton Ashcraft (PIT) Over 5.5 Strikeouts + Pirates ML,Ashcraft O5.5 K / PIT ML,Chicago Cubs,+71,150,256.5,Pending,,Ticket #409974908
1453,2026-05-26,Baseball,MLB,Cubs vs Pirates,Total,PIT/CHC Game Total Under 8,U8,,-102,204,200,Pending,,JORDAN WICKS-L Must Start | BRAXTON ASHCRAFT-R Must Start; Ticket #409974882
1454,2026-05-26,Baseball,MLB,Orioles vs Rays,Total,BAL/TB Game Total Over 8.5,O8.5,,-115,230,200,Pending,,GRIFFIN JAX-R Must Start | SHANE BAZ-R Must Start; Ticket #409974843
1455,2026-05-26,Baseball,MLB,Orioles vs Rays,Moneyline,Tampa Bay Rays ML,TB ML,Baltimore Orioles,-109,218,200,Pending,,GRIFFIN JAX-R Must Start | SHANE BAZ-R Must Start; Ticket #409974842
1456,2026-05-26,Baseball,MLB,Yankees game,Spread,New York Yankees -1.5,NYY -1.5,opp,-128,384,300,Pending,,CAM SCHLITTLER-R Must Start | BAILEY FALTER-L Must Start; Ticket #409974835
1457,2026-05-26,Baseball,MLB,Diamondbacks game,Moneyline,Arizona Diamondbacks ML,ARI ML,opp,-109,327,300,Pending,,EDUARDO RODRIGUEZ-L Must Start | TYLER MAHLE-R Must Start; Ticket #409974824
1458,2026-05-26,Baseball,MLB,Brewers game,Spread,Milwaukee Brewers -1.5,MIL -1.5,opp,-102,306,300,Pending,,MICHAEL MCGREEVY-R Must Start | KYLE HARRISON-L Must Start; Ticket #409974823
1459,2026-05-26,Baseball,MLB,Red Sox vs Braves,Moneyline,Atlanta Braves ML,ATL ML,Boston Red Sox,-113,169.5,150,Pending,,SPENCER STRIDER-R Must Start | RANGER SUAREZ-L Must Start; Ticket #409974822
1460,2026-05-26,Baseball,MLB,Red Sox vs Braves,Spread,Atlanta Braves -1.5,ATL -1.5,Boston Red Sox,+155,150,232.5,Pending,,SPENCER STRIDER-R Must Start | RANGER SUAREZ-L Must Start; Ticket #409974821
1461,2026-05-26,Basketball,NBA,Spurs vs Thunder,Total,OKC/SAS Game Total Under 217.5,U217.5,,-110,330,300,Pending,,Ticket #409974753
1462,2026-05-26,Basketball,NBA,Spurs vs Thunder,Spread,Oklahoma City Thunder -4,OKC -4,San Antonio Spurs,-110,330,300,Pending,,Ticket #409974752
1463,2026-05-26,Mixed,MLB/NHL,Dodgers vs Rockies + VGK/COL Avs,Parlay (2-leg),2-leg parlay: LAD ML (-225) + Colorado Avalanche -1.5 (+210),LAD ML / COL Avs -1.5,Colorado Rockies / Vegas Golden Knights,+247.78,100,347.78,Pending,,LAD: Freeland vs Lauer Must Start; NHL Avs vs VGK 9:15pm; Ticket #409975480
